Filename;Width;Height;Roi.X1;Roi.Y1;Roi.X2;Roi.Y2;ClassId
00000_00000.ppm;27;27;6;5;21;22;12
00000_00001.ppm;27;29;6;6;22;24;12
00000_00002.ppm;28;29;6;5;23;24;12
00000_00003.ppm;29;30;6;5;24;25;12
00000_00004.ppm;29;30;5;5;23;25;12
00000_00005.ppm;31;31;6;5;25;26;12
00000_00006.ppm;32;32;6;5;26;27;12
00000_00007.ppm;31;33;5;5;26;28;12
00000_00008.ppm;31;35;5;5;26;30;12
00000_00009.ppm;31;36;5;6;26;31;12
00000_00010.ppm;33;37;6;6;27;31;12
00000_00011.ppm;33;37;5;5;27;31;12
00000_00012.ppm;35;38;6;5;29;32;12
00000_00013.ppm;35;38;6;5;30;33;12
00000_00014.ppm;35;38;6;5;30;33;12
00000_00015.ppm;35;39;5;5;30;34;12
00000_00016.ppm;37;41;6;6;32;36;12
00000_00017.ppm;37;42;5;5;32;37;12
00000_00018.ppm;40;46;5;6;34;40;12
00000_00019.ppm;43;48;6;5;38;42;12
00000_00020.ppm;44;50;6;5;39;44;12
00000_00021.ppm;45;51;5;5;40;46;12
00000_00022.ppm;49;55;6;6;44;50;12
00000_00023.ppm;49;55;5;5;44;50;12
00000_00024.ppm;53;59;6;5;47;53;12
00000_00025.ppm;54;62;5;6;49;57;12
00000_00026.ppm;59;68;6;6;54;62;12
00000_00027.ppm;63;73;5;6;58;67;12
00000_00028.ppm;72;81;6;8;65;73;12
00000_00029.ppm;78;85;7;7;71;78;12
00001_00000.ppm;30;26;5;5;25;21;12
00001_00001.ppm;32;28;6;5;27;23;12
00001_00002.ppm;31;28;5;5;26;23;12
00001_00003.ppm;31;28;6;5;25;23;12
00001_00004.ppm;32;29;6;5;27;24;12
00001_00005.ppm;33;31;6;6;28;26;12
00001_00006.ppm;34;31;6;6;28;25;12
00001_00007.ppm;34;32;6;6;29;26;12
00001_00008.ppm;32;31;5;5;27;26;12
00001_00009.ppm;35;33;5;6;30;28;12
00001_00010.ppm;35;35;5;5;30;30;12
00001_00011.ppm;37;37;5;5;32;32;12
00001_00012.ppm;38;38;5;5;33;33;12
00001_00013.ppm;38;39;5;5;33;33;12
00001_00014.ppm;42;42;5;5;37;37;12
00001_00015.ppm;42;43;5;6;37;38;12
00001_00016.ppm;45;42;6;5;40;37;12
00001_00017.ppm;42;43;5;5;37;38;12
00001_00018.ppm;44;45;5;6;39;40;12
00001_00019.ppm;48;49;5;6;43;44;12
00001_00020.ppm;52;50;5;5;46;45;12
00001_00021.ppm;55;54;5;6;50;49;12
00001_00022.ppm;58;54;6;5;52;49;12
00001_00023.ppm;60;59;6;5;55;53;12
00001_00024.ppm;63;64;6;6;58;59;12
00001_00025.ppm;67;68;6;6;61;62;12
00001_00026.ppm;73;74;7;7;67;68;12
00001_00027.ppm;81;81;8;7;74;74;12
00001_00028.ppm;85;88;7;7;78;81;12
00001_00029.ppm;95;96;8;8;87;88;12
00002_00000.ppm;30;31;5;5;25;26;12
00002_00001.ppm;32;32;6;5;26;27;12
00002_00002.ppm;33;34;6;6;28;29;12
00002_00003.ppm;33;33;6;5;28;28;12
00002_00004.ppm;35;36;6;6;30;31;12
00002_00005.ppm;35;37;5;6;30;32;12
00002_00006.ppm;35;37;5;6;30;32;12
00002_00007.ppm;36;37;6;6;31;32;12
00002_00008.ppm;37;38;5;5;32;33;12
00002_00009.ppm;40;42;6;6;35;37;12
00002_00010.ppm;40;42;6;6;35;37;12
00002_00011.ppm;39;42;5;5;34;37;12
00002_00012.ppm;44;46;6;6;38;41;12
00002_00013.ppm;45;50;6;6;40;45;12
00002_00014.ppm;46;49;6;5;41;44;12
00002_00015.ppm;48;51;6;6;43;46;12
00002_00016.ppm;50;53;6;6;44;48;12
00002_00017.ppm;52;57;5;6;47;52;12
00002_00018.ppm;55;58;5;6;50;53;12
00002_00019.ppm;59;60;5;5;53;55;12
00002_00020.ppm;61;64;5;6;56;59;12
00002_00021.ppm;64;69;5;7;59;63;12
00002_00022.ppm;73;77;6;7;67;70;12
00002_00023.ppm;81;82;7;7;73;75;12
00002_00024.ppm;88;88;8;7;81;81;12
00002_00025.ppm;98;101;9;9;90;93;12
00002_00026.ppm;109;112;10;10;100;103;12
00002_00027.ppm;125;130;11;12;115;119;12
00002_00028.ppm;144;147;12;12;132;135;12
00002_00029.ppm;178;185;16;16;163;170;12
00003_00000.ppm;37;39;6;6;32;34;12
00003_00001.ppm;36;36;6;5;31;31;12
00003_00002.ppm;37;38;5;5;32;33;12
00003_00003.ppm;37;38;5;5;32;33;12
00003_00004.ppm;37;38;6;6;32;33;12
00003_00005.ppm;36;37;5;5;31;32;12
00003_00006.ppm;37;39;5;6;32;34;12
00003_00007.ppm;40;41;5;5;35;36;12
00003_00008.ppm;38;40;5;6;33;35;12
00003_00009.ppm;41;42;6;6;36;37;12
00003_00010.ppm;42;42;5;5;37;37;12
00003_00011.ppm;44;43;5;5;39;38;12
00003_00012.ppm;44;42;5;5;39;37;12
00003_00013.ppm;44;42;5;6;39;37;12
00003_00014.ppm;45;42;5;5;40;37;12
00003_00015.ppm;47;46;6;6;42;41;12
00003_00016.ppm;49;49;5;6;44;44;12
00003_00017.ppm;49;49;5;6;44;44;12
00003_00018.ppm;50;50;6;6;45;45;12
00003_00019.ppm;52;52;6;6;47;47;12
00003_00020.ppm;54;55;5;6;49;50;12
00003_00021.ppm;58;57;6;5;53;52;12
00003_00022.ppm;59;59;5;5;54;54;12
00003_00023.ppm;63;63;5;5;58;58;12
00003_00024.ppm;71;71;7;7;65;65;12
00003_00025.ppm;72;73;6;6;66;67;12
00003_00026.ppm;77;80;7;8;71;73;12
00003_00027.ppm;87;91;7;8;80;83;12
00003_00028.ppm;95;97;8;8;87;89;12
00003_00029.ppm;108;112;9;9;99;103;12
00004_00000.ppm;30;25;6;5;25;20;12
00004_00001.ppm;30;26;6;6;25;21;12
00004_00002.ppm;29;26;6;6;24;21;12
00004_00003.ppm;30;27;6;6;25;22;12
00004_00004.ppm;31;26;6;5;25;20;12
00004_00005.ppm;32;25;6;5;26;20;12
00004_00006.ppm;31;26;5;5;25;20;12
00004_00007.ppm;31;27;5;5;26;21;12
00004_00008.ppm;32;27;6;5;27;21;12
00004_00009.ppm;33;27;6;5;28;22;12
00004_00010.ppm;31;27;5;6;26;22;12
00004_00011.ppm;29;25;5;5;24;20;12
00004_00012.ppm;31;25;6;5;25;20;12
00004_00013.ppm;30;26;5;5;25;21;12
00004_00014.ppm;32;27;6;5;26;21;12
00004_00015.ppm;31;28;5;6;26;23;12
00004_00016.ppm;32;28;6;6;27;23;12
00004_00017.ppm;31;28;5;6;26;23;12
00004_00018.ppm;32;28;6;6;27;23;12
00004_00019.ppm;33;27;6;5;27;22;12
00004_00020.ppm;33;27;6;5;28;22;12
00004_00021.ppm;33;28;6;6;28;23;12
00004_00022.ppm;33;27;6;5;28;22;12
00004_00023.ppm;33;27;6;5;28;22;12
00004_00024.ppm;32;29;5;6;27;24;12
00004_00025.ppm;33;29;6;5;28;23;12
00004_00026.ppm;34;31;6;6;29;25;12
00004_00027.ppm;34;31;5;6;28;25;12
00004_00028.ppm;36;31;6;6;30;26;12
00004_00029.ppm;36;32;6;6;30;26;12
00005_00000.ppm;45;39;6;5;40;34;12
00005_00001.ppm;45;42;5;5;40;37;12
00005_00002.ppm;48;44;6;5;42;38;12
00005_00003.ppm;47;45;5;6;42;40;12
00005_00004.ppm;47;45;5;5;42;40;12
00005_00005.ppm;48;46;6;5;43;41;12
00005_00006.ppm;49;48;5;5;44;43;12
00005_00007.ppm;50;52;5;6;44;46;12
00005_00008.ppm;52;52;6;6;47;47;12
00005_00009.ppm;50;52;5;5;45;47;12
00005_00010.ppm;52;53;5;5;47;48;12
00005_00011.ppm;53;54;5;6;48;49;12
00005_00012.ppm;56;55;6;5;51;50;12
00005_00013.ppm;58;58;5;6;52;53;12
00005_00014.ppm;60;60;6;6;54;55;12
00005_00015.ppm;63;62;6;5;58;57;12
00005_00016.ppm;68;65;7;6;62;59;12
00005_00017.ppm;70;67;6;6;63;61;12
00005_00018.ppm;71;70;6;7;65;64;12
00005_00019.ppm;72;71;7;7;65;64;12
00005_00020.ppm;74;72;7;6;68;66;12
00005_00021.ppm;79;76;7;7;72;70;12
00005_00022.ppm;83;81;7;8;75;73;12
00005_00023.ppm;85;81;8;7;78;74;12
00005_00024.ppm;85;82;8;8;78;75;12
00005_00025.ppm;87;84;8;7;79;76;12
00005_00026.ppm;92;88;9;7;84;81;12
00005_00027.ppm;91;88;8;7;83;81;12
00005_00028.ppm;93;93;8;9;85;84;12
00005_00029.ppm;94;93;8;9;86;85;12
00006_00000.ppm;25;25;5;5;20;20;12
00006_00001.ppm;29;26;6;5;23;20;12
00006_00002.ppm;30;28;5;5;25;23;12
00006_00003.ppm;32;29;5;5;26;24;12
00006_00004.ppm;33;32;5;5;28;26;12
00006_00005.ppm;35;34;5;6;30;29;12
00006_00006.ppm;34;34;5;6;29;29;12
00006_00007.ppm;38;37;6;6;33;32;12
00006_00008.ppm;41;42;5;5;36;37;12
00006_00009.ppm;44;44;5;5;39;39;12
00006_00010.ppm;46;47;5;6;41;42;12
00006_00011.ppm;50;50;6;6;45;45;12
00006_00012.ppm;52;52;6;6;46;46;12
00006_00013.ppm;55;55;5;5;50;50;12
00006_00014.ppm;56;56;5;5;51;51;12
00006_00015.ppm;58;59;5;5;53;54;12
00006_00016.ppm;62;62;6;6;56;57;12
00006_00017.ppm;64;67;5;6;59;61;12
00006_00018.ppm;68;68;6;7;62;62;12
00006_00019.ppm;70;67;7;6;64;61;12
00006_00020.ppm;71;70;6;7;64;63;12
00006_00021.ppm;72;70;6;6;65;63;12
00006_00022.ppm;70;70;6;6;64;64;12
00006_00023.ppm;71;70;7;6;65;64;12
00006_00024.ppm;72;71;7;6;66;65;12
00006_00025.ppm;73;74;6;7;66;67;12
00006_00026.ppm;75;76;7;7;69;70;12
00006_00027.ppm;80;81;7;8;73;74;12
00006_00028.ppm;87;86;8;7;79;78;12
00006_00029.ppm;98;97;9;8;90;88;12
00007_00000.ppm;31;33;5;6;26;28;12
00007_00001.ppm;31;32;6;6;26;27;12
00007_00002.ppm;31;33;5;6;26;28;12
00007_00003.ppm;33;33;6;5;28;28;12
00007_00004.ppm;34;34;6;5;29;29;12
00007_00005.ppm;35;36;5;5;30;31;12
00007_00006.ppm;35;36;5;5;30;31;12
00007_00007.ppm;35;35;6;5;30;30;12
00007_00008.ppm;34;36;5;5;29;31;12
00007_00009.ppm;35;38;5;5;30;32;12
00007_00010.ppm;37;39;6;6;32;34;12
00007_00011.ppm;39;40;6;5;33;34;12
00007_00012.ppm;39;40;6;5;34;35;12
00007_00013.ppm;40;42;5;5;34;36;12
00007_00014.ppm;42;45;5;6;37;40;12
00007_00015.ppm;45;46;6;5;40;41;12
00007_00016.ppm;48;48;6;6;43;43;12
00007_00017.ppm;49;48;6;5;44;42;12
00007_00018.ppm;51;51;6;6;46;45;12
00007_00019.ppm;52;52;5;6;47;47;12
00007_00020.ppm;55;54;5;6;50;49;12
00007_00021.ppm;58;56;6;6;53;51;12
00007_00022.ppm;60;58;5;6;54;53;12
00007_00023.ppm;64;62;6;6;59;57;12
00007_00024.ppm;69;65;7;6;63;60;12
00007_00025.ppm;71;74;6;7;65;68;12
00007_00026.ppm;76;79;6;7;70;72;12
00007_00027.ppm;83;83;7;8;76;76;12
00007_00028.ppm;88;85;8;7;81;78;12
00007_00029.ppm;99;97;9;8;91;89;12
00008_00000.ppm;30;30;5;5;25;25;12
00008_00001.ppm;31;31;6;6;26;26;12
00008_00002.ppm;30;31;5;6;25;26;12
00008_00003.ppm;32;31;6;5;27;26;12
00008_00004.ppm;33;32;6;5;28;27;12
00008_00005.ppm;34;34;6;6;29;29;12
00008_00006.ppm;35;34;6;5;30;29;12
00008_00007.ppm;35;35;5;5;30;30;12
00008_00008.ppm;37;37;6;6;32;32;12
00008_00009.ppm;38;38;6;6;33;33;12
00008_00010.ppm;39;38;6;5;34;33;12
00008_00011.ppm;40;40;6;6;35;35;12
00008_00012.ppm;41;41;6;6;36;36;12
00008_00013.ppm;40;42;5;6;35;37;12
00008_00014.ppm;43;44;6;6;38;39;12
00008_00015.ppm;43;46;5;6;38;40;12
00008_00016.ppm;47;46;6;5;41;41;12
00008_00017.ppm;48;49;5;5;43;44;12
00008_00018.ppm;52;52;6;5;47;46;12
00008_00019.ppm;53;54;5;5;48;49;12
00008_00020.ppm;58;59;6;6;53;54;12
00008_00021.ppm;60;61;5;5;54;56;12
00008_00022.ppm;65;69;6;7;59;63;12
00008_00023.ppm;70;73;6;6;64;67;12
00008_00024.ppm;80;82;7;8;73;75;12
00008_00025.ppm;90;92;8;8;82;83;12
00008_00026.ppm;105;104;10;9;96;95;12
00008_00027.ppm;121;120;11;10;111;109;12
00008_00028.ppm;148;145;13;12;135;133;12
00008_00029.ppm;185;183;16;16;170;168;12
00009_00000.ppm;32;32;5;6;27;27;12
00009_00001.ppm;33;32;6;6;28;27;12
00009_00002.ppm;34;33;6;6;29;28;12
00009_00003.ppm;34;32;6;5;29;27;12
00009_00004.ppm;33;33;6;6;28;28;12
00009_00005.ppm;33;34;5;6;27;28;12
00009_00006.ppm;35;35;6;6;30;30;12
00009_00007.ppm;34;34;5;5;29;29;12
00009_00008.ppm;34;35;5;6;29;30;12
00009_00009.ppm;35;35;5;5;30;30;12
00009_00010.ppm;35;37;5;6;30;31;12
00009_00011.ppm;36;37;5;5;31;31;12
00009_00012.ppm;39;39;6;5;34;33;12
00009_00013.ppm;40;40;5;5;34;34;12
00009_00014.ppm;40;40;5;5;35;35;12
00009_00015.ppm;41;42;5;6;36;37;12
00009_00016.ppm;44;43;5;5;39;38;12
00009_00017.ppm;46;45;5;5;40;39;12
00009_00018.ppm;47;47;5;6;42;42;12
00009_00019.ppm;50;49;6;6;45;44;12
00009_00020.ppm;52;52;5;6;47;47;12
00009_00021.ppm;54;54;5;5;49;49;12
00009_00022.ppm;55;57;5;5;50;52;12
00009_00023.ppm;61;59;6;6;56;54;12
00009_00024.ppm;65;64;6;6;60;59;12
00009_00025.ppm;69;68;6;6;63;62;12
00009_00026.ppm;74;74;6;7;68;68;12
00009_00027.ppm;86;85;8;7;79;77;12
00009_00028.ppm;93;96;9;8;85;88;12
00009_00029.ppm;103;105;9;9;94;96;12
00010_00000.ppm;35;30;5;5;30;25;12
00010_00001.ppm;35;29;5;5;30;24;12
00010_00002.ppm;36;31;6;5;31;26;12
00010_00003.ppm;35;32;5;6;30;27;12
00010_00004.ppm;37;34;6;6;32;28;12
00010_00005.ppm;37;33;5;5;32;28;12
00010_00006.ppm;38;34;5;5;33;29;12
00010_00007.ppm;40;35;6;5;35;30;12
00010_00008.ppm;39;35;5;5;34;30;12
00010_00009.ppm;41;36;6;5;35;30;12
00010_00010.ppm;41;38;5;6;36;33;12
00010_00011.ppm;43;39;5;6;38;34;12
00010_00012.ppm;45;38;5;5;40;33;12
00010_00013.ppm;48;40;6;6;43;35;12
00010_00014.ppm;50;41;6;6;45;36;12
00010_00015.ppm;53;43;6;6;47;37;12
00010_00016.ppm;53;45;5;6;48;39;12
00010_00017.ppm;57;47;6;6;51;41;12
00010_00018.ppm;57;49;5;6;52;43;12
00010_00019.ppm;59;51;5;6;54;46;12
00010_00020.ppm;63;55;5;6;58;49;12
00010_00021.ppm;68;56;7;5;62;51;12
00010_00022.ppm;72;59;6;5;66;54;12
00010_00023.ppm;77;63;7;5;71;58;12
00010_00024.ppm;85;71;8;6;78;65;12
00010_00025.ppm;93;76;8;6;85;70;12
00010_00026.ppm;101;84;9;8;93;77;12
00010_00027.ppm;111;95;9;9;101;87;12
00010_00028.ppm;127;106;11;9;116;97;12
00010_00029.ppm;144;122;13;11;132;112;12
00011_00000.ppm;35;37;6;6;30;32;12
00011_00001.ppm;36;39;5;6;30;33;12
00011_00002.ppm;37;40;6;6;32;34;12
00011_00003.ppm;38;40;5;5;32;34;12
00011_00004.ppm;38;40;5;5;33;34;12
00011_00005.ppm;41;42;6;6;35;37;12
00011_00006.ppm;40;42;5;6;35;37;12
00011_00007.ppm;42;43;5;5;37;38;12
00011_00008.ppm;44;43;6;5;39;38;12
00011_00009.ppm;46;45;6;5;41;40;12
00011_00010.ppm;47;47;5;5;41;42;12
00011_00011.ppm;47;48;5;5;42;43;12
00011_00012.ppm;49;50;5;5;44;45;12
00011_00013.ppm;49;53;5;6;44;48;12
00011_00014.ppm;52;55;5;6;46;49;12
00011_00015.ppm;54;55;5;6;48;50;12
00011_00016.ppm;57;58;6;6;52;53;12
00011_00017.ppm;60;61;6;6;54;55;12
00011_00018.ppm;60;63;6;6;55;57;12
00011_00019.ppm;63;69;6;7;57;62;12
00011_00020.ppm;64;70;5;6;59;64;12
00011_00021.ppm;70;73;7;6;64;67;12
00011_00022.ppm;74;79;6;7;68;72;12
00011_00023.ppm;82;85;8;7;75;77;12
00011_00024.ppm;88;94;7;9;81;86;12
00011_00025.ppm;98;100;9;8;90;92;12
00011_00026.ppm;108;110;10;10;99;101;12
00011_00027.ppm;120;119;11;10;110;109;12
00011_00028.ppm;133;134;11;12;122;123;12
00011_00029.ppm;156;154;14;14;143;141;12
00012_00000.ppm;32;32;5;5;27;27;12
00012_00001.ppm;33;34;5;6;28;29;12
00012_00002.ppm;33;33;5;5;28;28;12
00012_00003.ppm;34;34;5;6;28;29;12
00012_00004.ppm;35;35;6;6;30;30;12
00012_00005.ppm;36;34;6;5;31;29;12
00012_00006.ppm;35;35;5;6;30;30;12
00012_00007.ppm;36;35;6;6;31;30;12
00012_00008.ppm;38;37;5;5;32;32;12
00012_00009.ppm;38;38;5;5;33;33;12
00012_00010.ppm;40;39;5;5;34;34;12
00012_00011.ppm;42;40;6;5;36;35;12
00012_00012.ppm;42;41;5;5;37;36;12
00012_00013.ppm;45;45;6;6;40;39;12
00012_00014.ppm;46;45;6;5;41;40;12
00012_00015.ppm;47;47;6;6;42;42;12
00012_00016.ppm;49;49;6;6;44;44;12
00012_00017.ppm;53;52;6;5;47;46;12
00012_00018.ppm;54;54;5;5;49;49;12
00012_00019.ppm;58;57;6;5;53;52;12
00012_00020.ppm;62;61;6;6;56;56;12
00012_00021.ppm;64;65;5;6;59;60;12
00012_00022.ppm;70;70;6;6;64;64;12
00012_00023.ppm;75;75;6;6;69;69;12
00012_00024.ppm;81;84;7;8;73;76;12
00012_00025.ppm;92;94;8;8;84;86;12
00012_00026.ppm;106;104;10;9;97;95;12
00012_00027.ppm;124;123;11;10;114;112;12
00012_00028.ppm;143;141;13;13;131;129;12
00012_00029.ppm;178;176;15;15;162;160;12
00013_00000.ppm;26;27;5;6;20;21;12
00013_00001.ppm;27;27;6;6;22;22;12
00013_00002.ppm;27;27;5;6;21;22;12
00013_00003.ppm;27;28;5;6;22;23;12
00013_00004.ppm;28;28;5;5;23;23;12
00013_00005.ppm;30;30;6;6;25;25;12
00013_00006.ppm;30;30;6;6;25;25;12
00013_00007.ppm;31;29;6;5;25;24;12
00013_00008.ppm;31;30;6;5;26;25;12
00013_00009.ppm;33;32;6;6;27;27;12
00013_00010.ppm;32;32;5;5;27;27;12
00013_00011.ppm;34;34;6;6;29;29;12
00013_00012.ppm;35;34;6;5;30;29;12
00013_00013.ppm;36;37;5;6;31;32;12
00013_00014.ppm;37;37;6;6;32;32;12
00013_00015.ppm;36;37;5;6;31;32;12
00013_00016.ppm;37;37;5;5;32;32;12
00013_00017.ppm;39;39;6;5;34;33;12
00013_00018.ppm;41;40;6;5;36;35;12
00013_00019.ppm;41;41;6;6;35;35;12
00013_00020.ppm;43;43;6;6;38;38;12
00013_00021.ppm;45;46;5;6;40;41;12
00013_00022.ppm;48;49;5;6;43;44;12
00013_00023.ppm;51;51;5;5;46;46;12
00013_00024.ppm;54;54;5;5;49;49;12
00013_00025.ppm;57;58;5;6;52;53;12
00013_00026.ppm;60;60;5;5;55;55;12
00013_00027.ppm;68;67;7;6;62;61;12
00013_00028.ppm;76;77;7;6;69;70;12
00013_00029.ppm;86;94;7;8;79;86;12
00014_00000.ppm;34;33;6;5;29;28;12
00014_00001.ppm;35;33;6;5;30;28;12
00014_00002.ppm;34;35;5;6;29;30;12
00014_00003.ppm;34;36;5;6;29;31;12
00014_00004.ppm;37;38;6;6;31;32;12
00014_00005.ppm;36;35;6;5;31;30;12
00014_00006.ppm;35;35;5;5;30;30;12
00014_00007.ppm;36;36;6;6;31;31;12
00014_00008.ppm;36;36;5;6;31;31;12
00014_00009.ppm;37;34;5;5;32;29;12
00014_00010.ppm;39;37;6;5;34;32;12
00014_00011.ppm;41;40;6;6;36;35;12
00014_00012.ppm;41;40;6;5;36;35;12
00014_00013.ppm;41;39;5;6;36;34;12
00014_00014.ppm;42;41;5;5;37;36;12
00014_00015.ppm;44;44;6;5;39;39;12
00014_00016.ppm;46;46;5;6;41;41;12
00014_00017.ppm;48;47;6;6;43;42;12
00014_00018.ppm;52;51;6;5;47;46;12
00014_00019.ppm;54;54;6;6;49;49;12
00014_00020.ppm;57;56;6;5;51;50;12
00014_00021.ppm;59;58;6;5;54;53;12
00014_00022.ppm;63;63;6;6;58;58;12
00014_00023.ppm;68;67;7;6;62;61;12
00014_00024.ppm;73;73;7;7;67;67;12
00014_00025.ppm;81;80;8;7;73;72;12
00014_00026.ppm;85;84;8;7;78;77;12
00014_00027.ppm;95;97;8;8;87;88;12
00014_00028.ppm;108;110;10;10;99;101;12
00014_00029.ppm;129;129;12;12;118;118;12
00015_00000.ppm;34;37;5;6;29;32;12
00015_00001.ppm;35;37;5;5;30;32;12
00015_00002.ppm;34;37;5;6;29;32;12
00015_00003.ppm;36;37;6;5;31;32;12
00015_00004.ppm;36;37;6;5;31;32;12
00015_00005.ppm;37;39;6;6;32;34;12
00015_00006.ppm;38;40;6;6;33;35;12
00015_00007.ppm;40;41;6;5;35;36;12
00015_00008.ppm;40;41;6;5;35;36;12
00015_00009.ppm;40;42;5;5;35;37;12
00015_00010.ppm;40;42;5;6;35;37;12
00015_00011.ppm;41;43;6;6;36;38;12
00015_00012.ppm;41;43;5;5;36;38;12
00015_00013.ppm;41;44;5;6;36;39;12
00015_00014.ppm;44;46;6;5;39;41;12
00015_00015.ppm;44;45;5;5;39;40;12
00015_00016.ppm;47;48;6;6;42;43;12
00015_00017.ppm;48;49;5;5;43;44;12
00015_00018.ppm;48;51;5;6;43;46;12
00015_00019.ppm;52;55;6;6;47;50;12
00015_00020.ppm;52;55;6;6;47;50;12
00015_00021.ppm;54;57;6;5;49;52;12
00015_00022.ppm;55;57;6;5;50;52;12
00015_00023.ppm;56;57;5;6;51;52;12
00015_00024.ppm;57;61;5;6;52;56;12
00015_00025.ppm;61;62;6;5;56;57;12
00015_00026.ppm;61;63;5;5;56;58;12
00015_00027.ppm;63;68;5;7;58;62;12
00015_00028.ppm;64;68;5;6;59;62;12
00015_00029.ppm;71;72;7;7;65;66;12
00016_00000.ppm;27;28;5;6;22;23;12
00016_00001.ppm;28;28;6;5;23;22;12
00016_00002.ppm;28;28;6;5;23;22;12
00016_00003.ppm;29;28;6;5;24;23;12
00016_00004.ppm;28;29;5;5;23;23;12
00016_00005.ppm;29;30;5;6;23;24;12
00016_00006.ppm;31;30;6;5;25;24;12
00016_00007.ppm;30;31;5;6;25;26;12
00016_00008.ppm;31;32;5;6;26;27;12
00016_00009.ppm;33;32;6;5;27;26;12
00016_00010.ppm;32;32;5;5;27;27;12
00016_00011.ppm;34;33;6;5;29;28;12
00016_00012.ppm;34;34;5;5;29;29;12
00016_00013.ppm;35;36;5;6;30;30;12
00016_00014.ppm;38;36;6;5;33;31;12
00016_00015.ppm;38;37;5;5;33;32;12
00016_00016.ppm;40;39;6;6;35;34;12
00016_00017.ppm;40;39;5;5;35;34;12
00016_00018.ppm;40;40;5;5;35;34;12
00016_00019.ppm;42;41;5;5;36;35;12
00016_00020.ppm;43;43;5;6;37;37;12
00016_00021.ppm;44;43;6;5;39;37;12
00016_00022.ppm;45;45;5;6;40;40;12
00016_00023.ppm;48;46;6;5;43;41;12
00016_00024.ppm;49;48;6;6;44;43;12
00016_00025.ppm;52;51;6;6;46;45;12
00016_00026.ppm;53;52;6;6;47;46;12
00016_00027.ppm;55;55;5;5;50;49;12
00016_00028.ppm;59;59;5;5;54;54;12
00016_00029.ppm;60;56;5;5;55;51;12
00017_00000.ppm;31;32;6;6;26;27;12
00017_00001.ppm;30;32;5;6;25;27;12
00017_00002.ppm;31;30;6;5;26;25;12
00017_00003.ppm;31;31;5;5;26;26;12
00017_00004.ppm;33;33;5;5;28;28;12
00017_00005.ppm;36;35;6;5;30;30;12
00017_00006.ppm;36;36;6;6;31;31;12
00017_00007.ppm;36;36;5;5;31;31;12
00017_00008.ppm;38;37;6;5;33;32;12
00017_00009.ppm;38;38;5;5;33;33;12
00017_00010.ppm;40;40;6;5;35;34;12
00017_00011.ppm;41;40;5;5;35;35;12
00017_00012.ppm;42;41;5;5;37;36;12
00017_00013.ppm;43;43;5;6;38;38;12
00017_00014.ppm;45;45;5;6;40;40;12
00017_00015.ppm;47;46;6;6;42;41;12
00017_00016.ppm;47;47;6;5;42;42;12
00017_00017.ppm;50;49;6;5;45;44;12
00017_00018.ppm;53;52;6;5;48;47;12
00017_00019.ppm;58;57;6;5;53;52;12
00017_00020.ppm;59;59;5;5;53;53;12
00017_00021.ppm;61;62;5;5;56;56;12
00017_00022.ppm;68;67;7;6;62;61;12
00017_00023.ppm;70;70;6;6;64;64;12
00017_00024.ppm;74;75;7;7;68;69;12
00017_00025.ppm;81;82;7;8;74;75;12
00017_00026.ppm;86;86;7;7;79;79;12
00017_00027.ppm;98;97;9;8;90;89;12
00017_00028.ppm;108;107;10;9;99;98;12
00017_00029.ppm;118;116;10;10;108;106;12
00018_00000.ppm;30;31;5;6;25;26;12
00018_00001.ppm;31;32;5;6;26;27;12
00018_00002.ppm;31;30;6;5;26;25;12
00018_00003.ppm;31;32;5;6;26;27;12
00018_00004.ppm;34;34;6;6;29;29;12
00018_00005.ppm;35;34;6;5;30;29;12
00018_00006.ppm;34;34;5;5;29;29;12
00018_00007.ppm;36;37;5;6;31;32;12
00018_00008.ppm;38;39;5;6;33;34;12
00018_00009.ppm;38;38;5;5;33;33;12
00018_00010.ppm;40;40;6;6;35;35;12
00018_00011.ppm;43;42;6;5;38;37;12
00018_00012.ppm;43;43;6;6;38;38;12
00018_00013.ppm;42;43;5;6;37;38;12
00018_00014.ppm;47;47;5;5;42;42;12
00018_00015.ppm;48;49;5;6;43;44;12
00018_00016.ppm;49;48;6;5;44;43;12
00018_00017.ppm;53;53;6;6;48;48;12
00018_00018.ppm;57;57;6;6;52;52;12
00018_00019.ppm;58;58;5;5;53;53;12
00018_00020.ppm;60;60;5;5;55;55;12
00018_00021.ppm;65;65;6;6;60;60;12
00018_00022.ppm;68;69;6;7;62;63;12
00018_00023.ppm;74;75;6;7;68;69;12
00018_00024.ppm;81;81;7;7;74;74;12
00018_00025.ppm;83;84;7;7;76;77;12
00018_00026.ppm;98;101;9;9;90;93;12
00018_00027.ppm;104;110;9;10;95;101;12
00018_00028.ppm;116;120;11;10;106;110;12
00018_00029.ppm;145;155;12;13;133;142;12
00019_00000.ppm;27;28;6;6;22;23;12
00019_00001.ppm;27;30;5;6;22;25;12
00019_00002.ppm;29;30;5;5;24;25;12
00019_00003.ppm;29;30;5;5;24;25;12
00019_00004.ppm;30;31;5;5;25;26;12
00019_00005.ppm;33;32;6;5;28;27;12
00019_00006.ppm;32;33;5;6;27;28;12
00019_00007.ppm;33;32;6;5;28;27;12
00019_00008.ppm;35;34;6;5;30;29;12
00019_00009.ppm;35;34;6;5;30;29;12
00019_00010.ppm;38;36;6;5;33;31;12
00019_00011.ppm;37;36;6;5;32;31;12
00019_00012.ppm;37;38;5;5;32;33;12
00019_00013.ppm;38;39;6;6;33;34;12
00019_00014.ppm;42;41;5;5;37;36;12
00019_00015.ppm;42;41;5;5;37;36;12
00019_00016.ppm;46;43;6;5;41;38;12
00019_00017.ppm;45;46;5;5;40;41;12
00019_00018.ppm;51;51;6;6;46;46;12
00019_00019.ppm;51;51;6;6;46;46;12
00019_00020.ppm;55;54;5;5;50;49;12
00019_00021.ppm;60;59;6;6;55;54;12
00019_00022.ppm;65;63;6;6;60;58;12
00019_00023.ppm;72;69;7;6;66;63;12
00019_00024.ppm;75;74;7;6;69;68;12
00019_00025.ppm;84;85;7;8;77;78;12
00019_00026.ppm;94;96;8;9;86;88;12
00019_00027.ppm;117;117;10;11;107;107;12
00019_00028.ppm;130;130;11;12;119;119;12
00019_00029.ppm;169;165;15;14;155;151;12
00020_00000.ppm;29;27;6;5;24;22;12
00020_00001.ppm;30;29;6;5;25;24;12
00020_00002.ppm;31;31;6;6;26;26;12
00020_00003.ppm;31;31;6;6;26;26;12
00020_00004.ppm;30;32;5;6;25;27;12
00020_00005.ppm;31;33;6;6;26;28;12
00020_00006.ppm;30;31;6;5;25;26;12
00020_00007.ppm;31;33;5;5;26;28;12
00020_00008.ppm;32;35;5;6;27;30;12
00020_00009.ppm;32;34;5;5;27;29;12
00020_00010.ppm;33;35;5;5;28;30;12
00020_00011.ppm;35;37;6;5;30;32;12
00020_00012.ppm;34;38;5;6;29;33;12
00020_00013.ppm;36;37;5;5;31;32;12
00020_00014.ppm;37;41;5;6;32;36;12
00020_00015.ppm;37;40;5;5;32;35;12
00020_00016.ppm;40;40;6;5;35;35;12
00020_00017.ppm;39;42;5;6;34;37;12
00020_00018.ppm;41;43;5;6;36;38;12
00020_00019.ppm;42;44;5;5;37;39;12
00020_00020.ppm;43;48;5;6;38;43;12
00020_00021.ppm;48;48;5;5;43;43;12
00020_00022.ppm;51;51;6;5;46;46;12
00020_00023.ppm;52;52;5;6;47;47;12
00020_00024.ppm;54;55;5;5;49;50;12
00020_00025.ppm;57;57;6;5;52;52;12
00020_00026.ppm;60;61;5;5;55;56;12
00020_00027.ppm;67;63;6;6;61;58;12
00020_00028.ppm;70;67;7;6;64;61;12
00020_00029.ppm;73;71;7;6;67;65;12
00021_00000.ppm;38;41;5;5;33;36;12
00021_00001.ppm;38;42;5;6;33;37;12
00021_00002.ppm;38;41;5;6;33;36;12
00021_00003.ppm;39;41;5;5;34;36;12
00021_00004.ppm;40;40;6;5;35;35;12
00021_00005.ppm;40;42;5;6;35;37;12
00021_00006.ppm;41;43;6;6;36;38;12
00021_00007.ppm;42;44;5;5;37;39;12
00021_00008.ppm;44;45;6;5;39;40;12
00021_00009.ppm;42;45;5;6;37;40;12
00021_00010.ppm;43;45;5;5;38;40;12
00021_00011.ppm;44;46;5;5;39;41;12
00021_00012.ppm;46;48;5;6;41;43;12
00021_00013.ppm;48;49;6;6;43;44;12
00021_00014.ppm;50;51;6;6;45;46;12
00021_00015.ppm;52;52;6;5;47;47;12
00021_00016.ppm;52;53;6;6;47;48;12
00021_00017.ppm;52;54;5;6;47;49;12
00021_00018.ppm;52;53;6;5;47;48;12
00021_00019.ppm;55;57;6;6;50;52;12
00021_00020.ppm;57;57;6;5;52;52;12
00021_00021.ppm;56;59;5;6;51;54;12
00021_00022.ppm;58;60;5;5;53;55;12
00021_00023.ppm;60;62;6;5;55;57;12
00021_00024.ppm;61;63;6;5;56;58;12
00021_00025.ppm;63;69;6;6;58;63;12
00021_00026.ppm;64;71;5;6;59;65;12
00021_00027.ppm;70;74;7;6;64;68;12
00021_00028.ppm;73;76;7;6;67;70;12
00021_00029.ppm;76;81;6;7;70;74;12
00022_00000.ppm;34;34;6;6;29;29;12
00022_00001.ppm;35;34;6;5;30;29;12
00022_00002.ppm;34;35;5;6;29;30;12
00022_00003.ppm;34;34;5;5;29;29;12
00022_00004.ppm;35;35;6;6;30;30;12
00022_00005.ppm;36;36;6;6;31;31;12
00022_00006.ppm;37;36;6;6;32;31;12
00022_00007.ppm;37;36;6;6;32;31;12
00022_00008.ppm;39;38;6;6;34;33;12
00022_00009.ppm;39;37;5;5;34;32;12
00022_00010.ppm;40;38;6;5;35;33;12
00022_00011.ppm;40;38;6;5;35;33;12
00022_00012.ppm;40;38;5;5;35;33;12
00022_00013.ppm;42;41;6;6;37;36;12
00022_00014.ppm;42;42;5;6;37;37;12
00022_00015.ppm;44;43;6;6;39;38;12
00022_00016.ppm;46;45;6;6;41;40;12
00022_00017.ppm;47;45;6;5;42;40;12
00022_00018.ppm;48;48;5;6;43;43;12
00022_00019.ppm;50;49;5;5;45;44;12
00022_00020.ppm;51;49;5;5;46;44;12
00022_00021.ppm;52;51;5;6;47;46;12
00022_00022.ppm;54;53;5;5;49;48;12
00022_00023.ppm;58;55;6;5;53;50;12
00022_00024.ppm;60;59;6;6;55;54;12
00022_00025.ppm;64;61;6;5;59;56;12
00022_00026.ppm;68;64;6;6;62;59;12
00022_00027.ppm;71;68;6;7;65;62;12
00022_00028.ppm;73;70;6;6;67;64;12
00022_00029.ppm;81;76;8;7;74;70;12
00023_00000.ppm;31;32;5;6;26;27;12
00023_00001.ppm;31;31;5;5;26;26;12
00023_00002.ppm;32;32;6;6;27;27;12
00023_00003.ppm;32;32;5;5;27;27;12
00023_00004.ppm;32;32;5;5;27;27;12
00023_00005.ppm;34;35;5;6;29;30;12
00023_00006.ppm;34;35;5;6;29;30;12
00023_00007.ppm;35;36;5;6;30;31;12
00023_00008.ppm;37;38;5;6;32;33;12
00023_00009.ppm;37;37;5;5;32;32;12
00023_00010.ppm;36;36;5;5;31;31;12
00023_00011.ppm;38;38;5;5;33;33;12
00023_00012.ppm;41;42;5;6;36;37;12
00023_00013.ppm;41;42;5;6;36;37;12
00023_00014.ppm;40;41;5;6;35;36;12
00023_00015.ppm;43;44;5;6;38;39;12
00023_00016.ppm;43;43;5;5;38;38;12
00023_00017.ppm;44;45;5;6;39;40;12
00023_00018.ppm;46;44;5;5;41;39;12
00023_00019.ppm;49;47;5;5;44;42;12
00023_00020.ppm;49;48;5;5;44;43;12
00023_00021.ppm;52;49;5;5;47;44;12
00023_00022.ppm;54;52;5;6;49;47;12
00023_00023.ppm;58;57;5;6;53;52;12
00023_00024.ppm;61;58;5;5;56;53;12
00023_00025.ppm;62;60;5;6;57;55;12
00023_00026.ppm;68;62;7;5;62;57;12
00023_00027.ppm;70;67;6;6;64;61;12
00023_00028.ppm;76;71;7;6;70;65;12
00023_00029.ppm;83;81;7;8;76;74;12
00024_00000.ppm;40;41;5;6;35;36;12
00024_00001.ppm;43;43;6;6;38;38;12
00024_00002.ppm;45;45;6;6;40;40;12
00024_00003.ppm;45;44;6;5;40;39;12
00024_00004.ppm;45;44;6;5;40;39;12
00024_00005.ppm;45;45;6;6;40;40;12
00024_00006.ppm;47;46;6;5;42;41;12
00024_00007.ppm;49;48;6;5;44;43;12
00024_00008.ppm;48;49;5;6;43;44;12
00024_00009.ppm;51;50;6;5;46;45;12
00024_00010.ppm;51;50;6;5;46;45;12
00024_00011.ppm;51;50;6;5;46;45;12
00024_00012.ppm;51;51;6;6;46;46;12
00024_00013.ppm;50;50;5;5;45;45;12
00024_00014.ppm;53;52;6;5;48;47;12
00024_00015.ppm;53;52;6;5;48;47;12
00024_00016.ppm;52;52;5;5;47;47;12
00024_00017.ppm;55;54;6;5;50;49;12
00024_00018.ppm;57;56;6;5;52;51;12
00024_00019.ppm;57;56;6;5;52;51;12
00024_00020.ppm;59;58;6;5;54;53;12
00024_00021.ppm;60;61;5;6;55;56;12
00024_00022.ppm;64;65;5;6;59;60;12
00024_00023.ppm;68;69;6;7;62;63;12
00024_00024.ppm;71;70;7;6;65;64;12
00024_00025.ppm;71;70;7;6;65;64;12
00024_00026.ppm;74;75;6;7;68;69;12
00024_00027.ppm;82;82;7;7;75;75;12
00024_00028.ppm;85;85;8;8;78;78;12
00024_00029.ppm;88;89;7;8;81;82;12
00025_00000.ppm;31;34;6;5;26;29;12
00025_00001.ppm;31;36;6;5;26;31;12
00025_00002.ppm;30;37;5;5;25;32;12
00025_00003.ppm;32;41;6;6;27;36;12
00025_00004.ppm;34;39;6;6;29;34;12
00025_00005.ppm;34;39;6;6;29;34;12
00025_00006.ppm;33;39;5;6;28;34;12
00025_00007.ppm;35;40;6;6;30;35;12
00025_00008.ppm;33;40;5;5;28;35;12
00025_00009.ppm;36;42;6;5;31;37;12
00025_00010.ppm;36;43;5;5;31;38;12
00025_00011.ppm;40;44;6;5;35;39;12
00025_00012.ppm;40;44;6;5;35;39;12
00025_00013.ppm;44;49;6;6;39;44;12
00025_00014.ppm;44;49;6;6;39;44;12
00025_00015.ppm;43;49;6;5;38;44;12
00025_00016.ppm;44;50;5;6;39;45;12
00025_00017.ppm;47;52;5;5;42;47;12
00025_00018.ppm;49;54;5;5;44;49;12
00025_00019.ppm;51;57;5;6;46;52;12
00025_00020.ppm;55;61;5;6;50;56;12
00025_00021.ppm;57;62;5;5;52;57;12
00025_00022.ppm;62;64;6;5;57;59;12
00025_00023.ppm;63;68;5;7;58;62;12
00025_00024.ppm;71;71;7;6;65;65;12
00025_00025.ppm;74;76;7;7;68;70;12
00025_00026.ppm;81;82;8;7;74;75;12
00025_00027.ppm;86;87;7;7;79;80;12
00025_00028.ppm;92;93;8;8;84;85;12
00025_00029.ppm;105;108;9;10;96;99;12
00026_00000.ppm;30;30;5;5;25;25;12
00026_00001.ppm;31;31;5;5;26;26;12
00026_00002.ppm;32;31;6;5;27;26;12
00026_00003.ppm;32;31;6;5;27;26;12
00026_00004.ppm;31;32;5;6;26;27;12
00026_00005.ppm;32;31;6;5;27;26;12
00026_00006.ppm;34;34;6;6;29;29;12
00026_00007.ppm;34;33;6;5;29;28;12
00026_00008.ppm;35;34;6;5;30;29;12
00026_00009.ppm;36;35;6;5;31;30;12
00026_00010.ppm;36;37;5;6;31;32;12
00026_00011.ppm;35;36;5;6;30;31;12
00026_00012.ppm;39;39;5;5;34;34;12
00026_00013.ppm;39;39;6;6;34;34;12
00026_00014.ppm;39;38;5;6;34;33;12
00026_00015.ppm;43;42;6;6;38;37;12
00026_00016.ppm;43;43;5;5;38;38;12
00026_00017.ppm;46;47;5;6;41;42;12
00026_00018.ppm;49;49;5;5;44;44;12
00026_00019.ppm;49;50;5;6;44;45;12
00026_00020.ppm;53;53;6;6;48;48;12
00026_00021.ppm;53;53;5;5;48;48;12
00026_00022.ppm;55;56;5;6;50;51;12
00026_00023.ppm;62;62;6;6;57;57;12
00026_00024.ppm;68;68;6;6;62;62;12
00026_00025.ppm;74;74;6;6;68;68;12
00026_00026.ppm;88;87;8;7;81;80;12
00026_00027.ppm;103;103;9;9;94;94;12
00026_00028.ppm;112;112;9;9;103;103;12
00026_00029.ppm;124;125;10;11;114;115;12
00027_00000.ppm;36;36;5;5;31;31;12
00027_00001.ppm;34;35;5;6;29;30;12
00027_00002.ppm;35;35;6;6;30;30;12
00027_00003.ppm;35;34;6;5;30;29;12
00027_00004.ppm;36;36;5;5;31;31;12
00027_00005.ppm;40;40;6;6;35;35;12
00027_00006.ppm;40;39;6;5;35;34;12
00027_00007.ppm;40;39;6;5;35;34;12
00027_00008.ppm;40;39;6;5;35;34;12
00027_00009.ppm;43;43;6;6;38;38;12
00027_00010.ppm;46;45;6;5;41;40;12
00027_00011.ppm;45;46;5;6;40;41;12
00027_00012.ppm;46;47;5;6;41;42;12
00027_00013.ppm;48;47;6;5;43;42;12
00027_00014.ppm;48;47;6;5;43;42;12
00027_00015.ppm;48;49;5;6;43;44;12
00027_00016.ppm;49;49;6;6;44;44;12
00027_00017.ppm;48;49;5;6;43;44;12
00027_00018.ppm;49;49;6;6;44;44;12
00027_00019.ppm;51;51;6;6;46;46;12
00027_00020.ppm;53;52;6;5;48;47;12
00027_00021.ppm;57;56;6;5;52;51;12
00027_00022.ppm;56;57;5;6;51;52;12
00027_00023.ppm;59;60;5;6;54;55;12
00027_00024.ppm;60;60;6;6;55;55;12
00027_00025.ppm;62;62;5;5;57;57;12
00027_00026.ppm;64;64;5;5;59;59;12
00027_00027.ppm;72;72;6;6;66;66;12
00027_00028.ppm;80;80;7;7;73;73;12
00027_00029.ppm;82;83;7;8;75;76;12
00028_00000.ppm;28;27;6;5;23;22;12
00028_00001.ppm;28;28;6;6;23;23;12
00028_00002.ppm;29;29;5;5;24;24;12
00028_00003.ppm;28;28;5;5;23;23;12
00028_00004.ppm;28;29;5;6;23;24;12
00028_00005.ppm;31;32;5;6;26;27;12
00028_00006.ppm;31;30;6;5;26;25;12
00028_00007.ppm;31;32;5;6;26;27;12
00028_00008.ppm;32;32;6;6;27;27;12
00028_00009.ppm;31;30;6;5;26;25;12
00028_00010.ppm;34;33;6;5;29;28;12
00028_00011.ppm;33;33;5;5;28;28;12
00028_00012.ppm;33;34;5;6;28;29;12
00028_00013.ppm;33;33;5;5;28;28;12
00028_00014.ppm;36;35;6;5;31;30;12
00028_00015.ppm;35;35;6;6;30;30;12
00028_00016.ppm;35;34;6;5;30;29;12
00028_00017.ppm;37;37;6;6;32;32;12
00028_00018.ppm;42;42;6;6;37;37;12
00028_00019.ppm;42;42;5;5;37;37;12
00028_00020.ppm;44;44;5;5;39;39;12
00028_00021.ppm;48;48;5;5;43;43;12
00028_00022.ppm;50;50;5;5;45;45;12
00028_00023.ppm;54;54;6;6;49;49;12
00028_00024.ppm;58;58;5;5;53;53;12
00028_00025.ppm;63;63;5;5;58;58;12
00028_00026.ppm;70;70;6;6;64;64;12
00028_00027.ppm;91;91;8;8;83;83;12
00028_00028.ppm;101;101;9;9;93;93;12
00028_00029.ppm;123;124;10;11;113;114;12
00029_00000.ppm;40;38;6;6;35;33;12
00029_00001.ppm;40;39;5;6;34;33;12
00029_00002.ppm;40;40;5;6;35;34;12
00029_00003.ppm;42;40;6;5;37;34;12
00029_00004.ppm;43;41;6;6;38;36;12
00029_00005.ppm;44;41;6;6;38;36;12
00029_00006.ppm;43;42;5;6;38;37;12
00029_00007.ppm;45;44;6;6;40;38;12
00029_00008.ppm;45;43;5;5;40;38;12
00029_00009.ppm;47;44;6;5;41;38;12
00029_00010.ppm;47;46;5;6;41;40;12
00029_00011.ppm;49;47;6;6;44;42;12
00029_00012.ppm;50;47;6;5;45;42;12
00029_00013.ppm;50;48;5;5;44;42;12
00029_00014.ppm;52;49;6;6;46;44;12
00029_00015.ppm;54;50;6;5;48;45;12
00029_00016.ppm;54;52;6;6;49;47;12
00029_00017.ppm;55;53;6;6;50;48;12
00029_00018.ppm;55;54;5;6;50;49;12
00029_00019.ppm;56;54;6;5;51;49;12
00029_00020.ppm;60;58;5;6;55;53;12
00029_00021.ppm;63;60;6;5;58;55;12
00029_00022.ppm;63;61;6;6;58;56;12
00029_00023.ppm;65;62;6;5;60;57;12
00029_00024.ppm;71;71;6;7;65;65;12
00029_00025.ppm;74;73;7;7;68;67;12
00029_00026.ppm;75;74;7;7;69;68;12
00029_00027.ppm;81;80;8;8;74;73;12
00029_00028.ppm;88;83;8;7;81;76;12
00029_00029.ppm;94;89;8;8;86;82;12
00030_00000.ppm;29;31;6;6;24;26;12
00030_00001.ppm;30;32;5;5;25;27;12
00030_00002.ppm;32;34;5;5;27;29;12
00030_00003.ppm;32;33;6;6;27;28;12
00030_00004.ppm;34;34;6;5;29;29;12
00030_00005.ppm;34;33;6;5;29;28;12
00030_00006.ppm;34;34;5;5;29;29;12
00030_00007.ppm;34;35;5;6;29;30;12
00030_00008.ppm;34;35;5;6;29;30;12
00030_00009.ppm;34;35;5;6;29;30;12
00030_00010.ppm;36;36;6;6;31;31;12
00030_00011.ppm;35;36;5;6;30;31;12
00030_00012.ppm;36;36;6;6;31;31;12
00030_00013.ppm;35;35;5;5;30;30;12
00030_00014.ppm;37;37;6;6;32;32;12
00030_00015.ppm;38;38;5;5;33;33;12
00030_00016.ppm;38;38;5;5;33;33;12
00030_00017.ppm;40;39;6;5;35;34;12
00030_00018.ppm;39;39;5;5;34;34;12
00030_00019.ppm;41;42;5;6;36;37;12
00030_00020.ppm;41;41;5;5;36;36;12
00030_00021.ppm;42;42;5;5;37;37;12
00030_00022.ppm;42;42;5;5;37;37;12
00030_00023.ppm;42;42;5;5;37;37;12
00030_00024.ppm;46;47;5;6;41;42;12
00030_00025.ppm;50;49;6;5;45;44;12
00030_00026.ppm;48;47;6;5;43;42;12
00030_00027.ppm;52;49;6;5;47;44;12
00030_00028.ppm;55;54;5;6;50;49;12
00030_00029.ppm;58;57;5;6;53;52;12
00031_00000.ppm;37;36;6;5;32;31;12
00031_00001.ppm;37;38;5;6;32;33;12
00031_00002.ppm;39;40;5;6;34;35;12
00031_00003.ppm;40;40;5;5;35;35;12
00031_00004.ppm;38;39;5;6;33;34;12
00031_00005.ppm;40;40;6;6;35;35;12
00031_00006.ppm;42;42;6;5;37;37;12
00031_00007.ppm;43;43;6;6;38;38;12
00031_00008.ppm;43;44;6;5;38;39;12
00031_00009.ppm;43;45;5;6;38;40;12
00031_00010.ppm;46;46;6;6;41;41;12
00031_00011.ppm;48;47;6;5;43;42;12
00031_00012.ppm;48;49;5;6;43;44;12
00031_00013.ppm;49;49;5;5;44;44;12
00031_00014.ppm;50;50;6;6;45;45;12
00031_00015.ppm;51;52;5;6;46;47;12
00031_00016.ppm;56;56;6;6;51;51;12
00031_00017.ppm;55;54;6;5;50;49;12
00031_00018.ppm;56;56;5;5;51;51;12
00031_00019.ppm;59;59;5;5;54;54;12
00031_00020.ppm;61;62;5;6;56;57;12
00031_00021.ppm;64;64;6;6;59;59;12
00031_00022.ppm;64;63;6;5;59;58;12
00031_00023.ppm;68;67;7;6;62;61;12
00031_00024.ppm;68;67;7;6;62;61;12
00031_00025.ppm;70;68;6;6;64;62;12
00031_00026.ppm;76;75;7;6;70;69;12
00031_00027.ppm;80;79;8;7;73;72;12
00031_00028.ppm;86;86;8;8;79;79;12
00031_00029.ppm;91;91;8;8;83;83;12
00032_00000.ppm;29;33;6;5;24;28;12
00032_00001.ppm;30;36;5;5;25;31;12
00032_00002.ppm;32;37;5;5;27;32;12
00032_00003.ppm;30;34;5;5;25;29;12
00032_00004.ppm;32;36;6;5;27;31;12
00032_00005.ppm;32;37;6;6;27;32;12
00032_00006.ppm;31;36;5;5;26;31;12
00032_00007.ppm;35;37;6;5;30;32;12
00032_00008.ppm;34;39;5;5;29;34;12
00032_00009.ppm;33;38;6;6;28;33;12
00032_00010.ppm;36;41;5;5;31;36;12
00032_00011.ppm;39;43;6;5;34;38;12
00032_00012.ppm;40;44;6;6;35;39;12
00032_00013.ppm;40;44;5;6;35;39;12
00032_00014.ppm;44;44;6;5;39;39;12
00032_00015.ppm;45;46;5;5;40;41;12
00032_00016.ppm;48;48;6;5;43;43;12
00032_00017.ppm;44;53;5;6;39;48;12
00032_00018.ppm;45;53;6;6;40;48;12
00032_00019.ppm;45;52;6;5;40;47;12
00032_00020.ppm;46;54;6;6;41;49;12
00032_00021.ppm;48;57;6;6;43;52;12
00032_00022.ppm;53;62;6;5;48;57;12
00032_00023.ppm;52;63;5;6;47;58;12
00032_00024.ppm;60;72;6;7;55;66;12
00032_00025.ppm;62;76;5;7;57;70;12
00032_00026.ppm;72;81;7;7;66;74;12
00032_00027.ppm;85;85;8;7;78;78;12
00032_00028.ppm;92;93;9;9;84;85;12
00032_00029.ppm;103;105;9;10;94;96;12
00033_00000.ppm;35;42;5;5;30;37;12
00033_00001.ppm;37;42;6;5;32;37;12
00033_00002.ppm;37;42;5;5;32;37;12
00033_00003.ppm;37;41;6;6;32;36;12
00033_00004.ppm;37;41;5;5;32;36;12
00033_00005.ppm;37;41;5;6;32;36;12
00033_00006.ppm;39;44;6;5;34;39;12
00033_00007.ppm;40;45;6;5;35;40;12
00033_00008.ppm;40;46;5;5;35;41;12
00033_00009.ppm;42;47;6;6;37;42;12
00033_00010.ppm;44;49;6;5;39;44;12
00033_00011.ppm;42;47;6;6;37;42;12
00033_00012.ppm;43;48;6;6;38;43;12
00033_00013.ppm;45;49;6;5;40;44;12
00033_00014.ppm;45;50;5;5;40;45;12
00033_00015.ppm;48;52;6;5;43;47;12
00033_00016.ppm;49;54;6;6;44;49;12
00033_00017.ppm;47;54;5;5;42;49;12
00033_00018.ppm;49;56;5;5;44;51;12
00033_00019.ppm;51;58;6;5;46;53;12
00033_00020.ppm;51;60;6;5;46;55;12
00033_00021.ppm;51;60;5;6;46;55;12
00033_00022.ppm;57;61;6;5;52;56;12
00033_00023.ppm;56;61;5;5;51;56;12
00033_00024.ppm;58;63;5;5;53;58;12
00033_00025.ppm;63;70;6;7;58;64;12
00033_00026.ppm;65;72;6;7;60;66;12
00033_00027.ppm;67;72;6;7;61;66;12
00033_00028.ppm;69;73;6;6;63;67;12
00033_00029.ppm;73;80;6;8;67;73;12
00034_00000.ppm;51;51;5;5;46;46;12
00034_00001.ppm;53;53;6;6;47;47;12
00034_00002.ppm;53;54;5;6;47;48;12
00034_00003.ppm;53;54;5;6;48;49;12
00034_00004.ppm;55;54;6;5;50;49;12
00034_00005.ppm;57;56;6;5;52;51;12
00034_00006.ppm;58;57;6;5;53;52;12
00034_00007.ppm;59;59;6;5;54;53;12
00034_00008.ppm;60;61;6;6;55;55;12
00034_00009.ppm;61;61;6;5;56;55;12
00034_00010.ppm;63;63;6;5;58;57;12
00034_00011.ppm;65;65;6;6;60;60;12
00034_00012.ppm;68;68;6;7;61;62;12
00034_00013.ppm;70;72;6;7;64;65;12
00034_00014.ppm;73;73;7;7;67;67;12
00034_00015.ppm;76;76;7;7;70;70;12
00034_00016.ppm;84;84;7;7;77;77;12
00034_00017.ppm;87;87;8;8;80;80;12
00034_00018.ppm;88;89;7;8;81;82;12
00034_00019.ppm;94;93;8;9;86;85;12
00034_00020.ppm;94;92;8;8;86;84;12
00034_00021.ppm;100;96;8;8;92;88;12
00034_00022.ppm;105;97;10;9;96;89;12
00034_00023.ppm;107;96;10;8;98;88;12
00034_00024.ppm;108;108;9;9;99;99;12
00034_00025.ppm;110;111;9;10;101;102;12
00034_00026.ppm;117;117;11;11;107;107;12
00034_00027.ppm;123;124;11;10;113;114;12
00034_00028.ppm;123;125;11;11;113;115;12
00034_00029.ppm;129;132;12;11;118;121;12
00035_00000.ppm;32;33;5;5;27;28;12
00035_00001.ppm;34;34;6;5;29;29;12
00035_00002.ppm;35;36;5;5;30;31;12
00035_00003.ppm;35;37;5;6;30;32;12
00035_00004.ppm;35;37;5;6;30;32;12
00035_00005.ppm;35;37;5;6;30;32;12
00035_00006.ppm;37;38;6;6;32;33;12
00035_00007.ppm;39;40;5;6;34;35;12
00035_00008.ppm;41;40;6;5;36;35;12
00035_00009.ppm;41;40;6;5;36;35;12
00035_00010.ppm;41;41;6;6;36;36;12
00035_00011.ppm;39;39;5;5;34;34;12
00035_00012.ppm;41;43;5;6;36;38;12
00035_00013.ppm;43;43;6;5;38;38;12
00035_00014.ppm;44;44;5;5;39;39;12
00035_00015.ppm;46;45;6;5;41;40;12
00035_00016.ppm;46;47;6;6;41;42;12
00035_00017.ppm;47;48;6;6;42;43;12
00035_00018.ppm;47;48;6;6;42;43;12
00035_00019.ppm;48;48;6;5;43;43;12
00035_00020.ppm;50;51;6;6;45;46;12
00035_00021.ppm;49;51;5;6;44;46;12
00035_00022.ppm;49;50;5;5;44;45;12
00035_00023.ppm;53;53;6;5;48;48;12
00035_00024.ppm;54;57;5;6;49;52;12
00035_00025.ppm;56;57;5;5;51;52;12
00035_00026.ppm;57;57;6;5;52;52;12
00035_00027.ppm;61;60;6;5;56;55;12
00035_00028.ppm;60;61;5;6;55;56;12
00035_00029.ppm;62;64;5;6;57;59;12
00036_00000.ppm;38;39;5;6;33;34;12
00036_00001.ppm;39;38;6;5;34;33;12
00036_00002.ppm;38;39;5;6;33;34;12
00036_00003.ppm;39;38;6;5;34;33;12
00036_00004.ppm;41;41;6;6;36;36;12
00036_00005.ppm;40;41;5;6;35;36;12
00036_00006.ppm;41;41;6;6;36;36;12
00036_00007.ppm;42;42;5;5;37;37;12
00036_00008.ppm;43;42;6;5;38;37;12
00036_00009.ppm;45;44;6;5;40;39;12
00036_00010.ppm;45;44;6;5;40;39;12
00036_00011.ppm;48;48;6;6;43;43;12
00036_00012.ppm;50;50;6;6;45;45;12
00036_00013.ppm;50;49;6;5;45;44;12
00036_00014.ppm;52;52;6;6;47;47;12
00036_00015.ppm;52;52;6;6;47;47;12
00036_00016.ppm;54;55;5;6;49;50;12
00036_00017.ppm;59;59;6;6;54;54;12
00036_00018.ppm;60;61;5;6;55;56;12
00036_00019.ppm;64;64;5;5;59;59;12
00036_00020.ppm;71;71;7;7;65;65;12
00036_00021.ppm;70;70;6;6;64;64;12
00036_00022.ppm;76;76;6;6;70;70;12
00036_00023.ppm;82;82;8;8;75;75;12
00036_00024.ppm;95;95;9;9;87;87;12
00036_00025.ppm;100;99;9;8;92;91;12
00036_00026.ppm;112;113;9;10;103;104;12
00036_00027.ppm;129;129;12;12;118;118;12
00036_00028.ppm;145;145;13;13;133;133;12
00036_00029.ppm;176;175;16;15;161;160;12
00037_00000.ppm;40;40;5;5;35;35;12
00037_00001.ppm;40;40;5;5;35;35;12
00037_00002.ppm;40;41;5;6;35;36;12
00037_00003.ppm;43;43;6;6;38;38;12
00037_00004.ppm;43;42;6;5;38;37;12
00037_00005.ppm;45;45;5;5;40;40;12
00037_00006.ppm;46;45;6;5;41;40;12
00037_00007.ppm;47;48;5;6;42;43;12
00037_00008.ppm;48;48;6;6;43;43;12
00037_00009.ppm;50;51;5;6;45;46;12
00037_00010.ppm;50;51;5;6;45;46;12
00037_00011.ppm;54;53;6;5;49;48;12
00037_00012.ppm;55;56;5;6;50;51;12
00037_00013.ppm;55;56;5;6;50;51;12
00037_00014.ppm;60;59;6;5;55;54;12
00037_00015.ppm;60;61;5;6;55;56;12
00037_00016.ppm;65;65;6;6;60;60;12
00037_00017.ppm;64;64;5;5;59;59;12
00037_00018.ppm;72;71;7;6;66;65;12
00037_00019.ppm;72;72;7;7;66;66;12
00037_00020.ppm;75;74;7;6;69;68;12
00037_00021.ppm;80;80;8;8;73;73;12
00037_00022.ppm;84;85;7;8;77;78;12
00037_00023.ppm;91;91;8;8;83;83;12
00037_00024.ppm;97;96;9;8;89;88;12
00037_00025.ppm;106;107;9;10;97;98;12
00037_00026.ppm;112;112;10;10;103;103;12
00037_00027.ppm;122;121;11;10;112;111;12
00037_00028.ppm;130;131;11;12;119;120;12
00037_00029.ppm;152;153;13;13;139;140;12
00038_00000.ppm;30;30;5;5;25;25;12
00038_00001.ppm;31;31;5;5;26;26;12
00038_00002.ppm;33;33;6;6;28;28;12
00038_00003.ppm;35;35;6;6;30;30;12
00038_00004.ppm;35;35;6;6;30;30;12
00038_00005.ppm;34;35;5;6;29;30;12
00038_00006.ppm;37;37;6;6;32;32;12
00038_00007.ppm;36;36;5;5;31;31;12
00038_00008.ppm;37;37;5;5;32;32;12
00038_00009.ppm;40;40;6;6;35;35;12
00038_00010.ppm;40;41;5;6;35;36;12
00038_00011.ppm;39;39;6;6;34;34;12
00038_00012.ppm;38;38;5;5;33;33;12
00038_00013.ppm;43;43;6;6;38;38;12
00038_00014.ppm;42;43;5;6;37;38;12
00038_00015.ppm;45;45;6;6;40;40;12
00038_00016.ppm;46;47;5;6;41;42;12
00038_00017.ppm;48;48;5;5;43;43;12
00038_00018.ppm;50;49;6;5;45;44;12
00038_00019.ppm;52;52;5;5;47;47;12
00038_00020.ppm;52;53;5;6;47;48;12
00038_00021.ppm;57;57;6;6;52;52;12
00038_00022.ppm;60;61;5;6;55;56;12
00038_00023.ppm;67;67;6;6;61;61;12
00038_00024.ppm;72;72;7;7;66;66;12
00038_00025.ppm;82;82;7;7;75;75;12
00038_00026.ppm;92;91;9;8;84;83;12
00038_00027.ppm;105;105;10;10;96;96;12
00038_00028.ppm;122;121;11;10;112;111;12
00038_00029.ppm;143;144;12;13;131;132;12
00039_00000.ppm;35;34;6;5;30;29;12
00039_00001.ppm;35;34;6;5;30;29;12
00039_00002.ppm;36;36;6;6;31;31;12
00039_00003.ppm;37;38;5;6;32;33;12
00039_00004.ppm;39;39;6;6;34;34;12
00039_00005.ppm;40;41;5;6;35;36;12
00039_00006.ppm;41;40;6;5;36;35;12
00039_00007.ppm;44;45;5;6;39;40;12
00039_00008.ppm;44;45;5;6;39;40;12
00039_00009.ppm;44;44;5;5;39;39;12
00039_00010.ppm;45;44;6;5;40;39;12
00039_00011.ppm;44;45;5;6;39;40;12
00039_00012.ppm;47;46;6;5;42;41;12
00039_00013.ppm;47;46;6;5;42;41;12
00039_00014.ppm;50;50;5;5;45;45;12
00039_00015.ppm;50;51;5;6;45;46;12
00039_00016.ppm;52;53;5;6;47;48;12
00039_00017.ppm;54;54;5;5;49;49;12
00039_00018.ppm;57;57;5;5;52;52;12
00039_00019.ppm;60;60;6;6;55;55;12
00039_00020.ppm;61;61;6;6;56;56;12
00039_00021.ppm;70;69;7;6;64;63;12
00039_00022.ppm;72;73;6;7;66;67;12
00039_00023.ppm;75;74;7;6;69;68;12
00039_00024.ppm;86;85;8;7;79;78;12
00039_00025.ppm;87;87;7;7;80;80;12
00039_00026.ppm;99;100;8;9;91;92;12
00039_00027.ppm;111;111;9;9;102;102;12
00039_00028.ppm;129;130;11;12;118;119;12
00039_00029.ppm;144;144;12;12;132;132;12
00040_00000.ppm;35;36;5;6;30;31;12
00040_00001.ppm;36;35;6;5;31;30;12
00040_00002.ppm;37;38;5;6;32;33;12
00040_00003.ppm;39;38;6;5;34;33;12
00040_00004.ppm;40;40;6;6;35;35;12
00040_00005.ppm;40;40;5;5;35;35;12
00040_00006.ppm;40;40;5;5;35;35;12
00040_00007.ppm;42;42;5;5;37;37;12
00040_00008.ppm;42;43;5;6;37;38;12
00040_00009.ppm;42;42;5;5;37;37;12
00040_00010.ppm;44;43;6;5;39;38;12
00040_00011.ppm;44;44;5;5;39;39;12
00040_00012.ppm;47;47;6;6;42;42;12
00040_00013.ppm;48;47;6;5;43;42;12
00040_00014.ppm;49;49;5;5;44;44;12
00040_00015.ppm;51;51;5;5;46;46;12
00040_00016.ppm;52;52;5;5;47;47;12
00040_00017.ppm;55;55;6;6;50;50;12
00040_00018.ppm;57;56;6;5;52;51;12
00040_00019.ppm;60;61;5;6;55;56;12
00040_00020.ppm;61;60;6;5;56;55;12
00040_00021.ppm;71;71;7;7;65;65;12
00040_00022.ppm;72;71;7;6;66;65;12
00040_00023.ppm;74;75;6;7;68;69;12
00040_00024.ppm;82;82;7;7;75;75;12
00040_00025.ppm;88;89;7;8;81;82;12
00040_00026.ppm;97;96;9;8;89;88;12
00040_00027.ppm;107;106;10;9;98;97;12
00040_00028.ppm;123;122;11;10;113;112;12
00040_00029.ppm;137;137;12;12;126;126;12
00041_00000.ppm;29;29;6;6;24;24;12
00041_00001.ppm;28;29;5;6;23;24;12
00041_00002.ppm;29;29;5;5;24;24;12
00041_00003.ppm;29;29;5;5;24;24;12
00041_00004.ppm;30;31;5;6;25;26;12
00041_00005.ppm;30;30;5;5;25;25;12
00041_00006.ppm;31;31;6;6;26;26;12
00041_00007.ppm;31;31;5;5;26;26;12
00041_00008.ppm;32;31;6;5;27;26;12
00041_00009.ppm;32;31;6;5;27;26;12
00041_00010.ppm;31;32;5;6;26;27;12
00041_00011.ppm;32;32;6;6;27;27;12
00041_00012.ppm;34;35;5;6;29;30;12
00041_00013.ppm;34;35;5;6;29;30;12
00041_00014.ppm;34;35;5;6;29;30;12
00041_00015.ppm;34;34;5;5;29;29;12
00041_00016.ppm;34;34;5;5;29;29;12
00041_00017.ppm;38;39;5;6;33;34;12
00041_00018.ppm;38;38;5;5;33;33;12
00041_00019.ppm;41;41;6;6;36;36;12
00041_00020.ppm;40;41;5;6;35;36;12
00041_00021.ppm;43;43;5;5;38;38;12
00041_00022.ppm;45;46;5;6;40;41;12
00041_00023.ppm;48;49;5;6;43;44;12
00041_00024.ppm;55;55;6;6;50;50;12
00041_00025.ppm;58;58;5;5;53;53;12
00041_00026.ppm;72;71;7;6;66;65;12
00041_00027.ppm;77;76;7;6;71;70;12
00041_00028.ppm;96;95;9;8;88;87;12
00041_00029.ppm;129;129;12;12;118;118;12
00042_00000.ppm;56;56;6;6;51;51;12
00042_00001.ppm;57;58;5;6;52;53;12
00042_00002.ppm;57;58;5;6;52;53;12
00042_00003.ppm;57;58;5;6;52;53;12
00042_00004.ppm;57;58;5;6;52;53;12
00042_00005.ppm;60;59;6;5;55;54;12
00042_00006.ppm;61;61;6;6;56;56;12
00042_00007.ppm;61;62;5;6;56;57;12
00042_00008.ppm;61;62;5;6;56;57;12
00042_00009.ppm;64;64;6;6;59;59;12
00042_00010.ppm;67;67;6;6;61;61;12
00042_00011.ppm;70;71;6;7;64;65;12
00042_00012.ppm;72;72;6;6;66;66;12
00042_00013.ppm;73;73;7;7;67;67;12
00042_00014.ppm;74;74;6;6;68;68;12
00042_00015.ppm;76;77;6;7;70;71;12
00042_00016.ppm;82;81;8;7;75;74;12
00042_00017.ppm;82;81;8;7;75;74;12
00042_00018.ppm;85;85;7;7;78;78;12
00042_00019.ppm;88;88;7;7;81;81;12
00042_00020.ppm;95;95;8;8;87;87;12
00042_00021.ppm;95;95;8;8;87;87;12
00042_00022.ppm;101;100;9;8;93;92;12
00042_00023.ppm;104;104;9;9;95;95;12
00042_00024.ppm;111;111;10;10;102;102;12
00042_00025.ppm;112;112;10;10;103;103;12
00042_00026.ppm;120;119;11;10;110;109;12
00042_00027.ppm;128;129;11;12;117;118;12
00042_00028.ppm;140;139;13;12;128;127;12
00042_00029.ppm;143;143;13;13;131;131;12
00043_00000.ppm;27;27;6;6;22;22;12
00043_00001.ppm;27;27;5;5;22;22;12
00043_00002.ppm;27;27;5;5;22;22;12
00043_00003.ppm;27;27;5;5;22;22;12
00043_00004.ppm;27;27;5;5;22;22;12
00043_00005.ppm;27;28;5;6;22;23;12
00043_00006.ppm;30;29;6;5;25;24;12
00043_00007.ppm;31;30;6;5;26;25;12
00043_00008.ppm;30;30;5;5;25;25;12
00043_00009.ppm;30;31;5;6;25;26;12
00043_00010.ppm;30;31;5;6;25;26;12
00043_00011.ppm;32;31;6;5;27;26;12
00043_00012.ppm;32;31;6;5;27;26;12
00043_00013.ppm;33;33;6;6;28;28;12
00043_00014.ppm;32;32;5;5;27;27;12
00043_00015.ppm;32;33;5;6;27;28;12
00043_00016.ppm;33;34;5;6;28;29;12
00043_00017.ppm;36;35;6;5;31;30;12
00043_00018.ppm;40;39;6;5;35;34;12
00043_00019.ppm;42;41;6;5;37;36;12
00043_00020.ppm;41;41;5;5;36;36;12
00043_00021.ppm;45;44;6;5;40;39;12
00043_00022.ppm;47;47;6;6;42;42;12
00043_00023.ppm;50;51;5;6;45;46;12
00043_00024.ppm;57;57;5;5;52;52;12
00043_00025.ppm;63;63;5;5;58;58;12
00043_00026.ppm;74;74;7;7;68;68;12
00043_00027.ppm;85;86;7;8;78;79;12
00043_00028.ppm;103;104;9;10;94;95;12
00043_00029.ppm;131;132;11;12;120;121;12
00044_00000.ppm;31;32;5;6;26;27;12
00044_00001.ppm;33;33;6;6;28;28;12
00044_00002.ppm;33;33;6;6;28;28;12
00044_00003.ppm;33;32;6;5;28;27;12
00044_00004.ppm;34;33;6;5;29;28;12
00044_00005.ppm;34;34;6;6;29;29;12
00044_00006.ppm;35;35;6;6;30;30;12
00044_00007.ppm;35;36;5;6;30;31;12
00044_00008.ppm;36;37;5;6;31;32;12
00044_00009.ppm;38;37;6;5;33;32;12
00044_00010.ppm;38;38;5;5;33;33;12
00044_00011.ppm;39;38;6;5;34;33;12
00044_00012.ppm;40;40;6;6;35;35;12
00044_00013.ppm;42;41;6;5;37;36;12
00044_00014.ppm;42;42;6;6;37;37;12
00044_00015.ppm;45;45;6;6;40;40;12
00044_00016.ppm;44;45;5;6;39;40;12
00044_00017.ppm;47;47;6;6;42;42;12
00044_00018.ppm;48;47;6;5;43;42;12
00044_00019.ppm;52;52;6;6;47;47;12
00044_00020.ppm;53;53;5;5;48;48;12
00044_00021.ppm;56;57;5;6;51;52;12
00044_00022.ppm;60;60;5;5;55;55;12
00044_00023.ppm;68;68;6;6;62;62;12
00044_00024.ppm;71;71;6;6;65;65;12
00044_00025.ppm;83;84;7;8;76;77;12
00044_00026.ppm;93;93;9;9;85;85;12
00044_00027.ppm;107;108;9;10;98;99;12
00044_00028.ppm;124;124;10;10;114;114;12
00044_00029.ppm;152;152;14;14;139;139;12
00045_00000.ppm;30;32;5;6;25;27;12
00045_00001.ppm;32;34;5;6;27;29;12
00045_00002.ppm;32;34;5;6;27;29;12
00045_00003.ppm;37;37;6;6;32;32;12
00045_00004.ppm;35;36;5;5;30;31;12
00045_00005.ppm;38;41;5;6;33;36;12
00045_00006.ppm;42;42;6;6;37;37;12
00045_00007.ppm;45;44;6;5;40;39;12
00045_00008.ppm;47;46;6;5;42;41;12
00045_00009.ppm;48;48;5;5;43;43;12
00045_00010.ppm;51;51;6;6;46;46;12
00045_00011.ppm;54;54;6;6;49;49;12
00045_00012.ppm;55;58;6;6;50;53;12
00045_00013.ppm;59;58;6;5;54;53;12
00045_00014.ppm;59;61;5;5;54;56;12
00045_00015.ppm;62;62;6;5;57;57;12
00045_00016.ppm;64;69;5;7;59;63;12
00045_00017.ppm;68;70;7;6;62;64;12
00045_00018.ppm;67;72;6;7;61;66;12
00045_00019.ppm;72;73;7;7;66;67;12
00045_00020.ppm;71;73;7;6;65;67;12
00045_00021.ppm;71;73;6;6;65;67;12
00045_00022.ppm;72;73;6;6;66;67;12
00045_00023.ppm;72;73;7;6;66;67;12
00045_00024.ppm;72;72;7;6;66;66;12
00045_00025.ppm;71;72;7;6;65;66;12
00045_00026.ppm;71;73;6;6;65;67;12
00045_00027.ppm;72;75;6;7;66;69;12
00045_00028.ppm;76;77;7;7;70;71;12
00045_00029.ppm;80;80;7;8;73;73;12
00046_00000.ppm;27;31;5;6;22;26;12
00046_00001.ppm;28;30;5;5;23;25;12
00046_00002.ppm;31;32;5;5;26;27;12
00046_00003.ppm;32;31;6;5;27;26;12
00046_00004.ppm;30;33;5;6;25;28;12
00046_00005.ppm;30;35;5;6;25;30;12
00046_00006.ppm;32;36;6;6;27;31;12
00046_00007.ppm;32;36;5;5;27;31;12
00046_00008.ppm;33;36;6;6;28;31;12
00046_00009.ppm;34;35;6;5;29;30;12
00046_00010.ppm;33;35;5;5;28;30;12
00046_00011.ppm;34;36;6;6;29;31;12
00046_00012.ppm;37;38;6;5;32;33;12
00046_00013.ppm;37;38;6;5;32;33;12
00046_00014.ppm;38;38;6;5;33;33;12
00046_00015.ppm;39;41;6;6;34;36;12
00046_00016.ppm;40;42;6;6;35;37;12
00046_00017.ppm;40;41;5;5;35;36;12
00046_00018.ppm;43;46;5;6;38;41;12
00046_00019.ppm;44;45;5;6;39;40;12
00046_00020.ppm;47;46;6;5;42;41;12
00046_00021.ppm;48;48;5;5;43;43;12
00046_00022.ppm;47;49;6;6;42;44;12
00046_00023.ppm;49;52;5;6;44;47;12
00046_00024.ppm;52;53;5;5;47;48;12
00046_00025.ppm;55;54;6;6;50;49;12
00046_00026.ppm;56;56;6;6;51;51;12
00046_00027.ppm;60;59;5;6;55;54;12
00046_00028.ppm;64;62;6;6;59;57;12
00046_00029.ppm;69;65;7;6;63;60;12
00047_00000.ppm;36;37;6;5;31;32;12
00047_00001.ppm;37;38;5;5;32;33;12
00047_00002.ppm;36;38;5;5;31;33;12
00047_00003.ppm;39;42;6;6;34;37;12
00047_00004.ppm;41;44;6;5;36;38;12
00047_00005.ppm;41;43;6;5;36;38;12
00047_00006.ppm;42;44;5;5;36;39;12
00047_00007.ppm;42;46;5;6;37;41;12
00047_00008.ppm;45;47;6;6;39;42;12
00047_00009.ppm;45;48;6;6;40;43;12
00047_00010.ppm;47;50;6;6;41;44;12
00047_00011.ppm;49;50;6;5;43;45;12
00047_00012.ppm;51;53;6;6;45;48;12
00047_00013.ppm;50;55;5;6;45;50;12
00047_00014.ppm;53;56;6;5;48;51;12
00047_00015.ppm;56;58;6;5;51;53;12
00047_00016.ppm;59;62;5;6;54;57;12
00047_00017.ppm;62;64;6;6;57;59;12
00047_00018.ppm;64;68;5;6;59;62;12
00047_00019.ppm;70;71;6;6;63;65;12
00047_00020.ppm;74;75;7;6;68;69;12
00047_00021.ppm;82;83;8;7;75;76;12
00047_00022.ppm;86;87;8;7;78;79;12
00047_00023.ppm;93;96;8;9;84;87;12
00047_00024.ppm;104;105;10;9;95;96;12
00047_00025.ppm;112;115;10;10;103;105;12
00047_00026.ppm;127;128;11;11;116;117;12
00047_00027.ppm;141;141;13;13;129;129;12
00047_00028.ppm;164;164;15;15;150;150;12
00047_00029.ppm;191;187;16;16;175;171;12
00048_00000.ppm;38;40;5;5;33;35;12
00048_00001.ppm;38;40;5;5;33;35;12
00048_00002.ppm;38;41;5;6;33;36;12
00048_00003.ppm;39;41;6;6;34;36;12
00048_00004.ppm;40;41;6;5;34;36;12
00048_00005.ppm;41;42;6;5;35;37;12
00048_00006.ppm;41;44;6;5;35;38;12
00048_00007.ppm;42;45;6;5;37;40;12
00048_00008.ppm;42;46;5;5;37;41;12
00048_00009.ppm;42;48;5;6;37;43;12
00048_00010.ppm;44;48;6;6;39;43;12
00048_00011.ppm;45;47;6;5;40;42;12
00048_00012.ppm;45;47;6;5;40;42;12
00048_00013.ppm;47;51;5;6;41;46;12
00048_00014.ppm;50;54;6;6;44;49;12
00048_00015.ppm;53;54;6;5;47;49;12
00048_00016.ppm;53;55;5;5;48;50;12
00048_00017.ppm;55;59;5;6;50;53;12
00048_00018.ppm;60;62;6;6;55;57;12
00048_00019.ppm;60;63;5;5;55;58;12
00048_00020.ppm;63;64;6;5;58;59;12
00048_00021.ppm;64;69;5;6;59;63;12
00048_00022.ppm;68;71;6;6;62;65;12
00048_00023.ppm;70;73;6;6;64;67;12
00048_00024.ppm;75;77;7;7;69;71;12
00048_00025.ppm;80;83;7;8;73;75;12
00048_00026.ppm;86;87;7;7;79;80;12
00048_00027.ppm;94;94;9;9;86;86;12
00048_00028.ppm;100;97;9;9;92;89;12
00048_00029.ppm;109;107;9;9;100;97;12
00049_00000.ppm;28;28;5;5;23;23;12
00049_00001.ppm;31;30;6;5;26;25;12
00049_00002.ppm;30;31;5;6;25;26;12
00049_00003.ppm;31;31;6;5;26;25;12
00049_00004.ppm;32;31;6;5;27;26;12
00049_00005.ppm;32;32;6;6;27;27;12
00049_00006.ppm;33;32;6;5;28;27;12
00049_00007.ppm;34;33;5;5;28;28;12
00049_00008.ppm;34;35;5;6;29;30;12
00049_00009.ppm;35;36;5;6;30;31;12
00049_00010.ppm;36;37;5;6;31;32;12
00049_00011.ppm;37;38;5;6;31;32;12
00049_00012.ppm;38;37;6;5;33;32;12
00049_00013.ppm;37;39;5;6;32;33;12
00049_00014.ppm;39;39;6;6;34;34;12
00049_00015.ppm;40;41;6;6;35;36;12
00049_00016.ppm;41;41;6;5;36;36;12
00049_00017.ppm;41;43;5;6;36;38;12
00049_00018.ppm;43;44;6;6;38;39;12
00049_00019.ppm;44;45;6;6;38;39;12
00049_00020.ppm;45;46;5;5;40;41;12
00049_00021.ppm;45;47;5;5;40;41;12
00049_00022.ppm;46;48;5;6;41;43;12
00049_00023.ppm;51;51;6;6;45;46;12
00049_00024.ppm;53;55;5;6;47;49;12
00049_00025.ppm;54;56;5;6;49;51;12
00049_00026.ppm;58;58;6;5;53;53;12
00049_00027.ppm;61;63;6;5;56;57;12
00049_00028.ppm;63;67;5;6;58;61;12
00049_00029.ppm;71;70;7;6;65;64;12
00050_00000.ppm;30;31;5;6;25;26;12
00050_00001.ppm;29;29;5;5;24;24;12
00050_00002.ppm;31;31;6;6;26;26;12
00050_00003.ppm;30;29;6;5;25;24;12
00050_00004.ppm;30;31;5;6;25;26;12
00050_00005.ppm;32;32;6;6;27;27;12
00050_00006.ppm;32;34;5;6;27;29;12
00050_00007.ppm;35;36;6;5;30;31;12
00050_00008.ppm;35;36;6;5;30;31;12
00050_00009.ppm;37;38;5;6;32;33;12
00050_00010.ppm;38;38;6;6;33;33;12
00050_00011.ppm;38;39;5;5;32;33;12
00050_00012.ppm;40;39;6;5;35;34;12
00050_00013.ppm;42;42;6;6;37;37;12
00050_00014.ppm;43;44;6;6;38;39;12
00050_00015.ppm;44;45;5;5;38;39;12
00050_00016.ppm;47;47;6;5;42;42;12
00050_00017.ppm;46;48;5;6;41;43;12
00050_00018.ppm;48;49;5;6;42;44;12
00050_00019.ppm;53;53;6;5;47;47;12
00050_00020.ppm;55;57;6;6;49;51;12
00050_00021.ppm;58;58;5;5;52;53;12
00050_00022.ppm;63;62;6;6;57;56;12
00050_00023.ppm;65;69;6;7;60;63;12
00050_00024.ppm;68;72;6;6;61;65;12
00050_00025.ppm;72;76;6;6;65;69;12
00050_00026.ppm;81;84;7;7;74;76;12
00050_00027.ppm;88;91;7;8;81;83;12
00050_00028.ppm;95;96;8;8;86;87;12
00050_00029.ppm;101;100;8;8;92;92;12
00051_00000.ppm;31;30;6;5;26;25;12
00051_00001.ppm;33;34;5;6;28;29;12
00051_00002.ppm;33;33;6;6;28;28;12
00051_00003.ppm;32;32;6;6;27;27;12
00051_00004.ppm;35;34;6;5;30;29;12
00051_00005.ppm;35;34;6;5;30;29;12
00051_00006.ppm;34;36;5;6;29;30;12
00051_00007.ppm;35;36;6;6;30;31;12
00051_00008.ppm;37;37;6;6;32;32;12
00051_00009.ppm;36;36;5;5;31;31;12
00051_00010.ppm;38;37;6;6;32;32;12
00051_00011.ppm;38;39;5;6;33;34;12
00051_00012.ppm;38;39;5;6;33;34;12
00051_00013.ppm;37;37;6;6;32;32;12
00051_00014.ppm;39;40;5;5;34;34;12
00051_00015.ppm;40;41;5;6;35;36;12
00051_00016.ppm;42;41;6;5;37;36;12
00051_00017.ppm;42;41;5;6;37;36;12
00051_00018.ppm;42;42;6;5;37;37;12
00051_00019.ppm;43;45;5;6;38;40;12
00051_00020.ppm;46;46;6;5;41;41;12
00051_00021.ppm;47;48;6;6;41;42;12
00051_00022.ppm;48;46;6;5;43;41;12
00051_00023.ppm;48;49;5;5;43;44;12
00051_00024.ppm;50;52;5;6;45;47;12
00051_00025.ppm;53;53;6;5;48;48;12
00051_00026.ppm;54;55;5;6;48;50;12
00051_00027.ppm;56;57;6;6;51;52;12
00051_00028.ppm;60;58;6;5;55;53;12
00051_00029.ppm;61;61;6;5;56;56;12
00052_00000.ppm;89;89;8;8;82;82;12
00052_00001.ppm;89;88;8;8;81;81;12
00052_00002.ppm;88;87;8;7;81;80;12
00052_00003.ppm;91;92;8;9;83;84;12
00052_00004.ppm;93;93;9;9;85;85;12
00052_00005.ppm;95;96;9;9;87;87;12
00052_00006.ppm;98;97;9;9;89;89;12
00052_00007.ppm;98;97;8;8;90;89;12
00052_00008.ppm;100;100;8;9;92;91;12
00052_00009.ppm;104;100;10;8;95;91;12
00052_00010.ppm;106;104;9;9;96;95;12
00052_00011.ppm;108;106;9;9;99;97;12
00052_00012.ppm;109;108;9;9;100;98;12
00052_00013.ppm;111;108;9;9;102;99;12
00052_00014.ppm;113;111;10;10;104;102;12
00052_00015.ppm;116;113;10;10;106;104;12
00052_00016.ppm;117;116;11;10;106;106;12
00052_00017.ppm;116;119;10;11;106;109;12
00052_00018.ppm;119;121;10;10;109;111;12
00052_00019.ppm;121;123;10;11;111;113;12
00052_00020.ppm;128;128;12;11;117;117;12
00052_00021.ppm;131;134;11;12;120;122;12
00052_00022.ppm;134;136;12;12;123;125;12
00052_00023.ppm;139;141;12;12;127;129;12
00052_00024.ppm;142;143;12;12;130;131;12
00052_00025.ppm;149;150;13;13;136;137;12
00052_00026.ppm;155;156;13;13;142;143;12
00052_00027.ppm;158;160;13;13;145;146;12
00052_00028.ppm;167;169;15;15;153;155;12
00052_00029.ppm;166;168;14;14;152;154;12
00053_00000.ppm;41;36;5;5;36;31;12
00053_00001.ppm;42;37;6;6;37;32;12
00053_00002.ppm;42;36;6;5;37;31;12
00053_00003.ppm;42;38;6;5;37;32;12
00053_00004.ppm;43;39;5;5;38;33;12
00053_00005.ppm;44;40;5;6;39;35;12
00053_00006.ppm;46;42;5;6;41;36;12
00053_00007.ppm;49;42;6;6;44;37;12
00053_00008.ppm;48;42;5;6;42;37;12
00053_00009.ppm;48;42;6;6;43;37;12
00053_00010.ppm;48;43;5;5;42;37;12
00053_00011.ppm;48;43;5;5;43;38;12
00053_00012.ppm;50;44;6;6;45;39;12
00053_00013.ppm;51;46;6;6;46;41;12
00053_00014.ppm;52;45;6;5;47;40;12
00053_00015.ppm;55;47;6;5;50;42;12
00053_00016.ppm;58;49;5;5;53;44;12
00053_00017.ppm;58;51;5;6;53;46;12
00053_00018.ppm;61;52;6;5;56;47;12
00053_00019.ppm;63;52;5;5;58;47;12
00053_00020.ppm;64;55;5;5;59;50;12
00053_00021.ppm;68;57;6;5;62;52;12
00053_00022.ppm;73;59;7;6;67;54;12
00053_00023.ppm;74;60;7;6;68;55;12
00053_00024.ppm;78;64;7;6;71;58;12
00053_00025.ppm;83;70;7;7;76;64;12
00053_00026.ppm;85;70;8;7;78;64;12
00053_00027.ppm;91;76;8;7;83;70;12
00053_00028.ppm;95;82;8;8;87;75;12
00053_00029.ppm;99;85;9;8;91;78;12
00054_00000.ppm;32;31;6;5;27;26;12
00054_00001.ppm;33;33;6;6;28;28;12
00054_00002.ppm;35;34;6;5;29;28;12
00054_00003.ppm;35;35;6;6;30;30;12
00054_00004.ppm;34;34;5;5;29;29;12
00054_00005.ppm;35;34;6;5;30;29;12
00054_00006.ppm;36;36;6;5;30;30;12
00054_00007.ppm;35;36;5;5;30;31;12
00054_00008.ppm;35;37;5;5;30;31;12
00054_00009.ppm;36;37;5;5;31;32;12
00054_00010.ppm;36;39;5;6;31;33;12
00054_00011.ppm;37;40;5;6;32;35;12
00054_00012.ppm;38;41;5;6;33;36;12
00054_00013.ppm;40;42;5;5;35;37;12
00054_00014.ppm;43;43;5;5;38;38;12
00054_00015.ppm;44;45;5;6;39;40;12
00054_00016.ppm;45;46;6;5;40;40;12
00054_00017.ppm;46;47;6;6;41;42;12
00054_00018.ppm;50;49;6;5;45;44;12
00054_00019.ppm;52;52;6;5;47;47;12
00054_00020.ppm;53;52;6;5;48;47;12
00054_00021.ppm;55;56;5;6;50;51;12
00054_00022.ppm;60;58;5;5;55;53;12
00054_00023.ppm;63;61;6;5;58;56;12
00054_00024.ppm;66;65;6;5;60;59;12
00054_00025.ppm;69;70;6;7;63;64;12
00054_00026.ppm;74;74;6;6;68;68;12
00054_00027.ppm;85;84;8;8;78;77;12
00054_00028.ppm;94;94;8;8;86;85;12
00054_00029.ppm;101;101;9;9;93;93;12
00055_00000.ppm;30;31;5;6;25;26;12
00055_00001.ppm;32;31;6;5;27;26;12
00055_00002.ppm;31;31;5;5;26;26;12
00055_00003.ppm;34;32;6;5;28;27;12
00055_00004.ppm;34;34;6;6;29;29;12
00055_00005.ppm;35;35;6;6;29;29;12
00055_00006.ppm;35;36;6;6;30;30;12
00055_00007.ppm;35;36;5;6;30;31;12
00055_00008.ppm;36;35;6;5;31;30;12
00055_00009.ppm;36;37;5;6;31;32;12
00055_00010.ppm;38;37;6;5;33;32;12
00055_00011.ppm;40;40;6;6;35;35;12
00055_00012.ppm;41;41;5;5;35;35;12
00055_00013.ppm;42;42;5;5;37;37;12
00055_00014.ppm;44;44;6;6;39;39;12
00055_00015.ppm;46;45;6;5;41;40;12
00055_00016.ppm;48;47;6;5;42;41;12
00055_00017.ppm;49;48;6;5;44;43;12
00055_00018.ppm;50;51;5;6;45;46;12
00055_00019.ppm;53;52;6;5;48;47;12
00055_00020.ppm;56;56;6;5;51;51;12
00055_00021.ppm;57;59;5;6;52;54;12
00055_00022.ppm;60;61;6;6;55;56;12
00055_00023.ppm;63;64;5;5;58;59;12
00055_00024.ppm;70;69;6;6;63;63;12
00055_00025.ppm;77;76;7;6;71;70;12
00055_00026.ppm;84;83;8;7;77;76;12
00055_00027.ppm;95;94;9;9;86;86;12
00055_00028.ppm;106;106;10;10;97;97;12
00055_00029.ppm;117;117;10;10;107;107;12
00056_00000.ppm;40;40;6;5;35;35;12
00056_00001.ppm;41;41;6;6;35;36;12
00056_00002.ppm;41;41;6;6;36;35;12
00056_00003.ppm;41;41;6;6;36;36;12
00056_00004.ppm;41;41;6;6;36;35;12
00056_00005.ppm;41;40;6;5;36;35;12
00056_00006.ppm;41;40;5;5;35;35;12
00056_00007.ppm;41;42;5;6;36;36;12
00056_00008.ppm;41;41;5;5;36;36;12
00056_00009.ppm;40;41;5;6;35;36;12
00056_00010.ppm;43;42;6;5;37;36;12
00056_00011.ppm;44;44;6;6;39;39;12
00056_00012.ppm;46;44;6;5;40;39;12
00056_00013.ppm;46;46;6;6;41;41;12
00056_00014.ppm;48;48;6;6;43;43;12
00056_00015.ppm;47;47;5;5;42;42;12
00056_00016.ppm;49;48;6;5;43;42;12
00056_00017.ppm;49;48;6;5;43;42;12
00056_00018.ppm;50;49;6;5;45;44;12
00056_00019.ppm;52;53;5;6;46;47;12
00056_00020.ppm;55;54;6;6;49;49;12
00056_00021.ppm;57;57;6;6;51;51;12
00056_00022.ppm;56;59;5;6;51;54;12
00056_00023.ppm;60;61;6;5;55;56;12
00056_00024.ppm;63;65;6;6;58;60;12
00056_00025.ppm;69;70;7;6;62;63;12
00056_00026.ppm;72;73;7;6;66;67;12
00056_00027.ppm;77;81;7;8;70;73;12
00056_00028.ppm;83;84;8;7;76;77;12
00056_00029.ppm;88;95;7;9;81;87;12
00057_00000.ppm;43;43;6;6;38;38;12
00057_00001.ppm;44;45;6;6;39;40;12
00057_00002.ppm;44;45;6;6;39;40;12
00057_00003.ppm;43;44;5;5;38;39;12
00057_00004.ppm;44;44;6;5;39;39;12
00057_00005.ppm;44;44;6;5;39;39;12
00057_00006.ppm;44;45;6;6;39;40;12
00057_00007.ppm;44;46;5;6;38;41;12
00057_00008.ppm;44;46;5;5;39;41;12
00057_00009.ppm;45;47;6;5;40;41;12
00057_00010.ppm;46;47;6;5;41;42;12
00057_00011.ppm;46;48;6;6;41;43;12
00057_00012.ppm;46;47;6;5;41;42;12
00057_00013.ppm;46;48;6;6;41;43;12
00057_00014.ppm;46;48;6;6;41;43;12
00057_00015.ppm;46;48;6;5;41;42;12
00057_00016.ppm;46;48;6;5;41;42;12
00057_00017.ppm;47;48;6;5;42;43;12
00057_00018.ppm;46;48;5;5;41;43;12
00057_00019.ppm;47;48;6;5;42;43;12
00057_00020.ppm;46;49;5;6;41;44;12
00057_00021.ppm;47;49;5;5;42;44;12
00057_00022.ppm;48;49;6;5;43;44;12
00057_00023.ppm;48;49;5;5;42;44;12
00057_00024.ppm;50;51;6;6;45;46;12
00057_00025.ppm;50;52;6;6;45;47;12
00057_00026.ppm;48;51;5;6;43;46;12
00057_00027.ppm;49;51;5;5;44;46;12
00057_00028.ppm;50;52;5;5;45;47;12
00057_00029.ppm;48;53;5;6;45;48;12
00058_00000.ppm;38;37;5;5;33;32;12
00058_00001.ppm;38;37;5;5;33;32;12
00058_00002.ppm;40;37;6;5;35;32;12
00058_00003.ppm;39;38;5;5;34;33;12
00058_00004.ppm;43;39;6;6;38;34;12
00058_00005.ppm;43;40;6;5;38;35;12
00058_00006.ppm;43;40;6;6;38;35;12
00058_00007.ppm;43;41;5;5;38;36;12
00058_00008.ppm;44;43;5;6;39;37;12
00058_00009.ppm;46;44;5;6;40;38;12
00058_00010.ppm;47;44;6;5;42;38;12
00058_00011.ppm;47;45;5;5;42;39;12
00058_00012.ppm;49;47;5;6;44;42;12
00058_00013.ppm;50;48;5;6;45;43;12
00058_00014.ppm;51;49;5;6;46;44;12
00058_00015.ppm;54;50;5;5;49;45;12
00058_00016.ppm;57;52;5;6;52;47;12
00058_00017.ppm;58;53;5;6;53;48;12
00058_00018.ppm;61;55;6;5;56;50;12
00058_00019.ppm;64;57;5;5;59;52;12
00058_00020.ppm;68;61;6;6;62;56;12
00058_00021.ppm;71;63;6;6;65;58;12
00058_00022.ppm;74;65;6;6;68;60;12
00058_00023.ppm;82;71;8;7;75;65;12
00058_00024.ppm;86;75;7;6;79;69;12
00058_00025.ppm;89;80;8;8;82;73;12
00058_00026.ppm;99;84;9;8;91;77;12
00058_00027.ppm;110;92;9;8;101;84;12
00058_00028.ppm;123;100;10;8;113;92;12
00058_00029.ppm;131;106;12;9;120;97;12
00059_00000.ppm;29;30;5;6;24;25;12
00059_00001.ppm;29;30;6;6;24;25;12
00059_00002.ppm;31;31;6;6;26;26;12
00059_00003.ppm;31;31;5;5;25;25;12
00059_00004.ppm;32;32;6;5;27;27;12
00059_00005.ppm;31;31;6;6;26;26;12
00059_00006.ppm;33;32;6;6;28;27;12
00059_00007.ppm;32;31;5;5;27;26;12
00059_00008.ppm;33;34;5;6;28;29;12
00059_00009.ppm;35;35;6;6;30;30;12
00059_00010.ppm;35;35;5;5;29;29;12
00059_00011.ppm;35;35;5;5;30;30;12
00059_00012.ppm;38;38;6;6;33;33;12
00059_00013.ppm;38;38;6;6;33;33;12
00059_00014.ppm;38;38;6;6;33;33;12
00059_00015.ppm;40;38;6;5;34;33;12
00059_00016.ppm;40;41;5;6;35;36;12
00059_00017.ppm;42;41;6;5;37;36;12
00059_00018.ppm;44;43;6;5;39;38;12
00059_00019.ppm;47;46;6;6;41;41;12
00059_00020.ppm;49;48;6;5;44;43;12
00059_00021.ppm;53;52;6;6;47;47;12
00059_00022.ppm;54;55;5;6;49;50;12
00059_00023.ppm;56;58;6;6;51;52;12
00059_00024.ppm;59;61;5;6;54;56;12
00059_00025.ppm;67;67;6;6;61;61;12
00059_00026.ppm;72;72;7;7;66;66;12
00059_00027.ppm;84;82;8;7;77;75;12
00059_00028.ppm;93;91;8;8;85;83;12
00059_00029.ppm;100;105;9;10;92;96;12
00060_00000.ppm;41;41;6;6;36;36;12
00060_00001.ppm;40;40;5;5;35;35;12
00060_00002.ppm;43;42;6;5;38;37;12
00060_00003.ppm;43;43;6;6;38;38;12
00060_00004.ppm;43;42;6;5;38;37;12
00060_00005.ppm;42;42;5;5;37;37;12
00060_00006.ppm;44;45;5;6;39;40;12
00060_00007.ppm;45;45;6;6;40;40;12
00060_00008.ppm;44;45;5;6;39;40;12
00060_00009.ppm;46;46;5;5;41;41;12
00060_00010.ppm;46;47;5;6;41;42;12
00060_00011.ppm;49;48;6;5;44;43;12
00060_00012.ppm;48;48;5;5;43;43;12
00060_00013.ppm;50;50;5;5;45;45;12
00060_00014.ppm;52;52;5;5;47;47;12
00060_00015.ppm;52;52;5;5;47;47;12
00060_00016.ppm;52;52;5;5;47;47;12
00060_00017.ppm;55;55;6;6;50;50;12
00060_00018.ppm;54;55;5;6;49;50;12
00060_00019.ppm;55;54;6;5;50;49;12
00060_00020.ppm;57;57;6;6;52;52;12
00060_00021.ppm;58;58;5;5;53;53;12
00060_00022.ppm;61;60;6;5;56;55;12
00060_00023.ppm;65;65;6;6;60;60;12
00060_00024.ppm;68;69;6;7;62;63;12
00060_00025.ppm;70;70;6;6;64;64;12
00060_00026.ppm;75;75;7;7;69;69;12
00060_00027.ppm;83;82;8;7;76;75;12
00060_00028.ppm;86;87;7;8;79;80;12
00060_00029.ppm;93;92;9;8;85;84;12
00061_00000.ppm;38;43;6;5;33;38;12
00061_00001.ppm;37;41;6;6;32;36;12
00061_00002.ppm;37;41;6;6;32;36;12
00061_00003.ppm;36;40;5;5;31;35;12
00061_00004.ppm;38;43;5;6;33;38;12
00061_00005.ppm;38;43;5;6;33;38;12
00061_00006.ppm;41;46;5;6;36;41;12
00061_00007.ppm;42;45;6;5;37;40;12
00061_00008.ppm;46;49;6;5;41;44;12
00061_00009.ppm;44;47;5;5;39;42;12
00061_00010.ppm;45;47;6;6;40;42;12
00061_00011.ppm;46;48;5;5;41;43;12
00061_00012.ppm;46;48;5;5;41;43;12
00061_00013.ppm;47;49;5;5;42;44;12
00061_00014.ppm;47;49;5;5;42;44;12
00061_00015.ppm;48;49;6;5;43;44;12
00061_00016.ppm;47;49;5;5;42;44;12
00061_00017.ppm;49;51;5;5;44;46;12
00061_00018.ppm;52;53;6;5;47;48;12
00061_00019.ppm;51;53;5;5;46;48;12
00061_00020.ppm;54;57;5;6;49;52;12
00061_00021.ppm;58;59;6;5;53;54;12
00061_00022.ppm;61;61;6;5;56;56;12
00061_00023.ppm;65;67;6;6;60;61;12
00061_00024.ppm;70;71;6;6;64;65;12
00061_00025.ppm;80;82;7;8;73;75;12
00061_00026.ppm;80;79;8;7;73;72;12
00061_00027.ppm;86;86;7;7;79;79;12
00061_00028.ppm;91;92;8;9;83;84;12
00061_00029.ppm;94;93;9;8;86;85;12
00062_00000.ppm;39;39;6;6;34;34;12
00062_00001.ppm;39;38;6;5;34;33;12
00062_00002.ppm;38;38;5;5;33;33;12
00062_00003.ppm;38;38;5;5;33;33;12
00062_00004.ppm;38;38;5;5;33;33;12
00062_00005.ppm;39;39;6;6;34;34;12
00062_00006.ppm;38;39;5;6;33;34;12
00062_00007.ppm;38;38;5;5;33;33;12
00062_00008.ppm;40;39;6;5;35;34;12
00062_00009.ppm;40;40;6;6;35;35;12
00062_00010.ppm;39;40;5;6;34;35;12
00062_00011.ppm;40;39;6;5;35;34;12
00062_00012.ppm;42;41;6;5;37;36;12
00062_00013.ppm;42;43;5;6;37;38;12
00062_00014.ppm;44;44;5;5;39;39;12
00062_00015.ppm;46;46;6;6;41;41;12
00062_00016.ppm;48;48;6;6;43;43;12
00062_00017.ppm;49;49;5;5;44;44;12
00062_00018.ppm;50;50;5;5;45;45;12
00062_00019.ppm;53;53;6;6;48;48;12
00062_00020.ppm;56;57;5;6;51;52;12
00062_00021.ppm;62;62;5;5;57;57;12
00062_00022.ppm;69;69;7;7;63;63;12
00062_00023.ppm;76;76;6;6;70;70;12
00062_00024.ppm;82;83;7;8;75;76;12
00062_00025.ppm;93;92;9;8;85;84;12
00062_00026.ppm;101;101;9;9;93;93;12
00062_00027.ppm;128;127;12;11;117;116;12
00062_00028.ppm;152;152;13;13;139;139;12
00062_00029.ppm;196;196;16;16;180;180;12
00063_00000.ppm;27;28;6;6;22;23;12
00063_00001.ppm;26;27;5;5;21;22;12
00063_00002.ppm;26;27;5;5;21;22;12
00063_00003.ppm;27;28;5;5;22;23;12
00063_00004.ppm;28;28;6;5;23;23;12
00063_00005.ppm;28;28;6;5;23;23;12
00063_00006.ppm;29;30;6;6;24;25;12
00063_00007.ppm;30;31;5;5;25;26;12
00063_00008.ppm;32;33;6;6;27;28;12
00063_00009.ppm;34;35;6;6;29;30;12
00063_00010.ppm;34;36;5;6;29;31;12
00063_00011.ppm;34;36;6;6;29;31;12
00063_00012.ppm;33;35;5;5;28;30;12
00063_00013.ppm;35;37;5;5;30;32;12
00063_00014.ppm;35;37;5;5;30;32;12
00063_00015.ppm;36;39;5;6;31;34;12
00063_00016.ppm;38;41;5;6;33;36;12
00063_00017.ppm;40;43;5;6;35;38;12
00063_00018.ppm;43;45;6;6;38;40;12
00063_00019.ppm;44;45;6;5;39;40;12
00063_00020.ppm;45;47;5;5;40;42;12
00063_00021.ppm;47;49;6;6;42;44;12
00063_00022.ppm;50;53;5;6;45;48;12
00063_00023.ppm;54;56;5;5;49;51;12
00063_00024.ppm;59;62;6;6;54;57;12
00063_00025.ppm;64;69;5;6;59;63;12
00063_00026.ppm;73;76;7;7;67;70;12
00063_00027.ppm;80;83;7;7;73;76;12
00063_00028.ppm;87;94;7;9;80;86;12
00063_00029.ppm;97;104;8;9;89;95;12
00064_00000.ppm;27;27;6;5;22;22;12
00064_00001.ppm;29;30;6;6;24;25;12
00064_00002.ppm;29;29;6;5;24;24;12
00064_00003.ppm;29;30;6;6;24;25;12
00064_00004.ppm;29;30;6;6;24;25;12
00064_00005.ppm;28;29;5;5;23;24;12
00064_00006.ppm;28;30;5;6;23;25;12
00064_00007.ppm;29;31;5;6;24;26;12
00064_00008.ppm;30;31;5;5;25;26;12
00064_00009.ppm;31;33;5;6;26;28;12
00064_00010.ppm;33;37;6;6;28;32;12
00064_00011.ppm;35;40;5;6;30;35;12
00064_00012.ppm;37;40;6;5;32;35;12
00064_00013.ppm;36;43;5;6;31;38;12
00064_00014.ppm;37;42;5;5;32;37;12
00064_00015.ppm;39;45;5;6;34;40;12
00064_00016.ppm;42;46;6;5;37;41;12
00064_00017.ppm;44;49;5;6;39;44;12
00064_00018.ppm;46;50;5;6;41;45;12
00064_00019.ppm;49;52;5;5;44;47;12
00064_00020.ppm;52;55;5;5;47;50;12
00064_00021.ppm;55;59;5;6;50;54;12
00064_00022.ppm;60;64;5;6;55;59;12
00064_00023.ppm;65;71;6;7;60;65;12
00064_00024.ppm;77;82;7;8;71;75;12
00064_00025.ppm;88;92;8;8;81;84;12
00064_00026.ppm;98;105;8;10;90;96;12
00064_00027.ppm;110;120;9;10;101;110;12
00064_00028.ppm;137;146;12;12;126;134;12
00064_00029.ppm;168;178;15;15;154;163;12
00065_00000.ppm;39;41;5;5;34;36;12
00065_00001.ppm;41;42;6;5;36;37;12
00065_00002.ppm;42;44;6;5;37;38;12
00065_00003.ppm;42;44;6;5;37;39;12
00065_00004.ppm;43;45;6;6;37;40;12
00065_00005.ppm;43;45;5;5;38;40;12
00065_00006.ppm;45;46;5;5;40;41;12
00065_00007.ppm;48;49;6;6;43;44;12
00065_00008.ppm;48;50;5;6;43;45;12
00065_00009.ppm;49;51;5;6;44;46;12
00065_00010.ppm;54;54;6;5;49;49;12
00065_00011.ppm;54;56;5;6;49;51;12
00065_00012.ppm;55;55;6;5;50;50;12
00065_00013.ppm;56;57;6;6;51;52;12
00065_00014.ppm;57;58;6;5;52;53;12
00065_00015.ppm;59;60;6;5;54;55;12
00065_00016.ppm;61;62;6;5;56;57;12
00065_00017.ppm;63;64;6;5;58;59;12
00065_00018.ppm;68;71;6;7;62;65;12
00065_00019.ppm;68;70;6;7;62;64;12
00065_00020.ppm;71;71;7;6;65;65;12
00065_00021.ppm;74;76;6;7;68;70;12
00065_00022.ppm;77;79;7;7;71;72;12
00065_00023.ppm;80;81;7;7;73;74;12
00065_00024.ppm;87;86;8;8;80;79;12
00065_00025.ppm;89;87;8;7;82;80;12
00065_00026.ppm;98;95;8;8;90;87;12
00065_00027.ppm;104;98;10;8;95;90;12
00065_00028.ppm;107;104;10;10;98;95;12
00065_00029.ppm;118;116;10;11;108;106;12
00066_00000.ppm;34;40;5;6;29;35;12
00066_00001.ppm;35;41;5;6;30;36;12
00066_00002.ppm;36;42;5;6;31;37;12
00066_00003.ppm;38;44;5;6;33;39;12
00066_00004.ppm;39;43;6;5;34;38;12
00066_00005.ppm;38;44;5;6;33;39;12
00066_00006.ppm;40;45;6;6;35;40;12
00066_00007.ppm;41;45;6;5;36;40;12
00066_00008.ppm;41;46;5;5;36;41;12
00066_00009.ppm;41;47;5;6;36;42;12
00066_00010.ppm;41;46;5;5;36;41;12
00066_00011.ppm;42;47;5;5;37;42;12
00066_00012.ppm;43;48;5;5;38;43;12
00066_00013.ppm;45;49;6;5;40;44;12
00066_00014.ppm;44;49;5;5;39;44;12
00066_00015.ppm;46;50;6;5;41;45;12
00066_00016.ppm;47;52;6;6;42;47;12
00066_00017.ppm;48;52;6;5;43;47;12
00066_00018.ppm;47;54;5;6;42;49;12
00066_00019.ppm;49;54;6;5;44;49;12
00066_00020.ppm;51;58;5;6;46;53;12
00066_00021.ppm;53;60;6;6;48;55;12
00066_00022.ppm;53;61;5;5;48;56;12
00066_00023.ppm;53;61;5;5;48;56;12
00066_00024.ppm;55;62;5;5;50;57;12
00066_00025.ppm;56;64;5;6;51;59;12
00066_00026.ppm;58;68;5;7;53;62;12
00066_00027.ppm;60;69;5;6;55;63;12
00066_00028.ppm;65;73;6;6;60;67;12
00066_00029.ppm;68;75;6;6;62;69;12
00067_00000.ppm;33;33;6;5;28;28;12
00067_00001.ppm;33;33;6;5;28;28;12
00067_00002.ppm;32;34;5;5;27;29;12
00067_00003.ppm;33;34;5;6;28;29;12
00067_00004.ppm;34;35;6;6;29;30;12
00067_00005.ppm;34;34;6;5;29;29;12
00067_00006.ppm;35;35;5;5;30;30;12
00067_00007.ppm;37;36;5;5;32;31;12
00067_00008.ppm;39;35;6;5;34;30;12
00067_00009.ppm;39;37;6;5;34;32;12
00067_00010.ppm;39;38;5;5;34;33;12
00067_00011.ppm;40;39;5;5;35;34;12
00067_00012.ppm;40;39;6;6;35;34;12
00067_00013.ppm;40;39;5;5;35;34;12
00067_00014.ppm;45;41;6;6;40;36;12
00067_00015.ppm;46;45;5;5;41;40;12
00067_00016.ppm;48;46;6;5;43;41;12
00067_00017.ppm;48;47;6;6;43;42;12
00067_00018.ppm;48;46;6;5;43;41;12
00067_00019.ppm;52;50;5;6;47;45;12
00067_00020.ppm;57;52;6;5;52;47;12
00067_00021.ppm;57;58;5;5;52;53;12
00067_00022.ppm;63;58;6;6;58;53;12
00067_00023.ppm;63;63;5;6;58;58;12
00067_00024.ppm;67;62;6;5;61;57;12
00067_00025.ppm;73;67;7;6;67;61;12
00067_00026.ppm;75;72;7;7;69;66;12
00067_00027.ppm;83;80;8;7;76;73;12
00067_00028.ppm;88;83;7;8;81;76;12
00067_00029.ppm;93;87;8;8;85;80;12
00068_00000.ppm;30;30;6;5;25;25;12
00068_00001.ppm;32;33;5;6;27;28;12
00068_00002.ppm;33;33;6;6;28;28;12
00068_00003.ppm;33;34;5;5;28;29;12
00068_00004.ppm;33;35;5;6;28;30;12
00068_00005.ppm;34;34;6;5;29;29;12
00068_00006.ppm;34;35;6;6;29;30;12
00068_00007.ppm;33;34;5;5;28;29;12
00068_00008.ppm;34;35;6;6;29;30;12
00068_00009.ppm;35;36;5;6;30;31;12
00068_00010.ppm;34;36;6;6;29;31;12
00068_00011.ppm;35;37;5;6;30;32;12
00068_00012.ppm;36;37;6;6;31;32;12
00068_00013.ppm;35;37;5;6;30;32;12
00068_00014.ppm;35;36;5;6;30;31;12
00068_00015.ppm;36;35;6;5;31;30;12
00068_00016.ppm;35;36;5;6;30;31;12
00068_00017.ppm;37;36;5;6;32;31;12
00068_00018.ppm;37;38;5;6;32;33;12
00068_00019.ppm;40;41;6;6;35;36;12
00068_00020.ppm;42;41;6;6;37;36;12
00068_00021.ppm;44;42;5;5;39;37;12
00068_00022.ppm;46;45;5;6;41;40;12
00068_00023.ppm;47;47;6;6;42;42;12
00068_00024.ppm;48;48;5;5;43;43;12
00068_00025.ppm;55;52;6;6;50;47;12
00068_00026.ppm;61;59;5;5;56;54;12
00068_00027.ppm;69;67;6;6;63;61;12
00068_00028.ppm;80;77;7;7;73;71;12
00068_00029.ppm;95;88;9;8;87;81;12
00069_00000.ppm;49;47;6;5;44;42;12
00069_00001.ppm;49;48;6;6;44;43;12
00069_00002.ppm;49;48;6;6;44;43;12
00069_00003.ppm;53;51;6;5;48;46;12
00069_00004.ppm;53;52;6;6;48;47;12
00069_00005.ppm;53;52;6;6;48;47;12
00069_00006.ppm;52;54;5;6;47;49;12
00069_00007.ppm;53;54;6;6;48;49;12
00069_00008.ppm;54;53;5;5;49;48;12
00069_00009.ppm;54;53;5;5;49;48;12
00069_00010.ppm;57;57;6;5;52;52;12
00069_00011.ppm;56;58;5;6;51;53;12
00069_00012.ppm;56;60;5;6;51;55;12
00069_00013.ppm;56;60;5;6;51;55;12
00069_00014.ppm;60;63;5;5;55;58;12
00069_00015.ppm;61;64;6;6;56;59;12
00069_00016.ppm;62;63;5;5;57;58;12
00069_00017.ppm;63;68;6;7;58;62;12
00069_00018.ppm;69;72;7;7;63;66;12
00069_00019.ppm;68;71;6;6;62;65;12
00069_00020.ppm;71;72;7;7;65;66;12
00069_00021.ppm;72;76;6;7;66;70;12
00069_00022.ppm;73;75;7;6;67;69;12
00069_00023.ppm;77;81;7;7;71;74;12
00069_00024.ppm;81;84;8;8;74;77;12
00069_00025.ppm;81;84;8;8;74;77;12
00069_00026.ppm;85;87;8;7;78;80;12
00069_00027.ppm;87;87;8;7;80;80;12
00069_00028.ppm;92;94;8;9;84;86;12
00069_00029.ppm;97;104;9;10;89;95;12
